Liu_07190201,tf_efficientnet_b0_ns,0.8536,0.8536,19,928,0.5,[0.5],"[832, [0.9, 1.0], [0.75, 1.333]]",48,10,0,1,"[1280, 512, 1]",TRUE,20,1000,0.001,onecyclelr,0.8,adamw,"(0.9, 0.999)",0.01,1,BCEWithLogitsLoss
Liu_07240055,tf_efficientnet_b0_ns,0.8967,0.897,18,"[928, 928, 2]","[832, 832, 2]","[0.2, 0.2, 0]","[0.9, 1.0]",44,2,0.5,1,"[1280, 512, 1]",TRUE,20,1000,0.001,onecyclelr,0.8,adamw,"(0.9, 0.999)",0.01,1,Smooth_BCEloss_01
Liu_07210108,tf_efficientnet_b0_ns,0.8931,0.8931,16,"[928, 928, 2]","[832, 832, 2]","[0.2, 0.2, 0]","[0.9, 1.0]",48,2,0,1,"[1280, 512, 1]",TRUE,20,1000,0.001,onecyclelr,0.8,adamw,"(0.9, 0.999)",0.01,1,BCEFocal_loss
Liu_07222211,tf_efficientnet_b4_ns,0.8925,0.8925,19,"[928, 928, 2]","[832, 832, 2]","[0.2, 0.2, 0]","[0.9, 1.0]",48,2,0,1,"[1792, 512, 1]",TRUE,20,1000,0.001,onecyclelr,0.8,adamw,"(0.9, 0.999)",0.01,1,BCEWithLogitsLoss
Liu_07240055,tf_efficientnet_b0_ns,0.8923,0.8923,19,"[928, 928, 2]","[832, 832, 2]","[0.2, 0.2, 0]","[0.9, 1.0]",44,2,0.5,1,"[1280, 512, 1]",TRUE,20,1000,0.001,onecyclelr,0.8,adamw,"(0.9, 0.999)",0.01,1,Smooth_BCEloss_01
Liu_07222211,tf_efficientnet_b4_ns,0.8901,0.8912,17,"[928, 928, 2]","[832, 832, 2]","[0.2, 0.2, 0]","[0.9, 1.0]",48,2,0,1,"[1792, 512, 1]",TRUE,20,1000,0.001,onecyclelr,0.8,adamw,"(0.9, 0.999)",0.01,1,BCEWithLogitsLoss
Liu_07210944,tf_efficientnet_b0_ns,0.8891,0.8906,14,"[928, 928, 2]","[832, 832, 2]","[0.2, 0.2, 0]","[0.9, 1.0]",48,2,0,1,"[1280, 512, 1]",TRUE,20,1000,0.001,onecyclelr,0.8,adamw,"(0.9, 0.999)",0.01,1,BCEWithLogitsLoss
Liu_07210944,tf_efficientnet_b0_ns,0.8893,0.8903,18,"[928, 928, 2]","[832, 832, 2]","[0.2, 0.2, 0]","[0.9, 1.0]",48,2,0,1,"[1280, 512, 1]",TRUE,20,1000,0.001,onecyclelr,0.8,adamw,"(0.9, 0.999)",0.01,1,BCEWithLogitsLoss
Liu_07222211,tf_efficientnet_b4_ns,0.8883,0.8889,17,"[928, 928, 2]","[832, 832, 2]","[0.2, 0.2, 0]","[0.9, 1.0]",48,2,0,1,"[1792, 512, 1]",TRUE,20,1000,0.001,onecyclelr,0.8,adamw,"(0.9, 0.999)",0.01,1,BCEWithLogitsLoss
Liu_07191638,tf_efficientnet_b4_ns,0.8888,0.8888,19,"[928, 928, 2]","[832, 832, 2]","[0.2, 0.2, 0]","[0.9, 1.0]",64,2,0,1,"[1792, 512, 1]",TRUE,20,1000,0.001,onecyclelr,0.8,adamw,"(0.9, 0.999)",0.01,1,BCEWithLogitsLoss
Liu_07191239,tf_efficientnet_b0_ns,0.8882,0.8884,15,"[928, 928, 2]","[832, 832, 2]","[0.2, 0.2, 0]","[0.9, 1.0]",48,2,0,1,"[1280, 512, 1]",TRUE,20,1000,0.001,onecyclelr,0.8,adamw,"(0.9, 0.999)",0.01,1,BCEWithLogitsLoss
Liu_07191237,tf_efficientnet_b4_ns,0.8833,0.8863,18,"[928, 928, 2]","[832, 832, 2]","[0.2, 0.2, 0]","[0.9, 1.0]",64,10,0,1,"[1792, 512, 1]",TRUE,20,1000,0.001,onecyclelr,0.8,adamw,"(0.9, 0.999)",0.01,1,BCEWithLogitsLoss
Liu_07191803,resnet18d,0.883,0.8849,18,"[928, 928, 2]","[832, 832, 2]","[0.2, 0.2, 0]","[0.9, 1.0]",48,2,0,1,"[512, 512, 1]",TRUE,20,1000,0.001,onecyclelr,0.8,adamw,"(0.9, 0.999)",0.01,1,BCEWithLogitsLoss
Liu_07210944,tf_efficientnet_b0_ns,0.8832,0.8835,18,"[928, 928, 2]","[832, 832, 2]","[0.2, 0.2, 0]","[0.9, 1.0]",48,2,0,1,"[1280, 512, 1]",TRUE,20,1000,0.001,onecyclelr,0.8,adamw,"(0.9, 0.999)",0.01,1,BCEWithLogitsLoss
Liu_07221219,tf_efficientnet_b0_ns,0.883,0.88638,13,"[928, 928, 2]","[832, 832, 2]","[0.2, 0.2, 0]","[0.9, 1.0]",48,2,0,1,"[1280, 512, 1]",TRUE,20,1000,0.001,onecyclelr,0.8,adamw,"(0.9, 0.999)",0.01,1,BCEWithLogitsLoss
Liu_07251355,tf_efficientnet_b0_ns,0.8829,0.883,17,"[944, 944, 2]","[832, 832, 2]","[0.2, 0.2, 0]","[0.9, 1.0]",48,2,0.5,1,"[1280, 512, 1]",TRUE,20,1000,0.001,onecyclelr,0.8,adamw,"(0.9, 0.999)",0.01,7,BCEWithLogitsLoss
Liu_07240055,tf_efficientnet_b0_ns,0.879,0.8812,14,"[928, 928, 2]","[832, 832, 2]","[0.2, 0.2, 0]","[0.9, 1.0]",44,2,0.5,1,"[1280, 512, 1]",TRUE,20,1000,0.001,onecyclelr,0.8,adamw,"(0.9, 0.999)",0.01,1,Smooth_BCEloss_01
Liu_07222211,tf_efficientnet_b4_ns,0.8794,0.881,17,"[928, 928, 2]","[832, 832, 2]","[0.2, 0.2, 0]","[0.9, 1.0]",48,2,0,1,"[1792, 512, 1]",TRUE,20,1000,0.001,onecyclelr,0.8,adamw,"(0.9, 0.999)",0.01,1,BCEWithLogitsLoss
Liu_07251355,tf_efficientnet_b0_ns,0.8799,0.8803,15,"[944, 944, 2]","[832, 832, 2]","[0.2, 0.2, 0]","[0.9, 1.0]",48,2,0.5,1,"[1280, 512, 1]",TRUE,20,1000,0.001,onecyclelr,0.8,adamw,"(0.9, 0.999)",0.01,7,BCEWithLogitsLoss
Liu_07210944,tf_efficientnet_b0_ns,0.8787,0.8791,18,"[928, 928, 2]","[832, 832, 2]","[0.2, 0.2, 0]","[0.9, 1.0]",48,2,0,1,"[1280, 512, 1]",TRUE,20,1000,0.001,onecyclelr,0.8,adamw,"(0.9, 0.999)",0.01,1,BCEWithLogitsLoss
Liu_07222211,tf_efficientnet_b4_ns,0.875,0.8784,16,"[928, 928, 2]","[832, 832, 2]","[0.2, 0.2, 0]","[0.9, 1.0]",48,2,0,1,"[1792, 512, 1]",TRUE,20,1000,0.001,onecyclelr,0.8,adamw,"(0.9, 0.999)",0.01,1,BCEWithLogitsLoss
Liu_07240055,tf_efficientnet_b0_ns,0.8779,0.8783,18,"[928, 928, 2]","[832, 832, 2]","[0.2, 0.2, 0]","[0.9, 1.0]",44,2,0.5,1,"[1280, 512, 1]",TRUE,20,1000,0.001,onecyclelr,0.8,adamw,"(0.9, 0.999)",0.01,1,Smooth_BCEloss_01
Liu_07251355,tf_efficientnet_b0_ns,0.8769,0.878,15,"[944, 944, 2]","[832, 832, 2]","[0.2, 0.2, 0]","[0.9, 1.0]",48,2,0.5,1,"[1280, 512, 1]",TRUE,20,1000,0.001,onecyclelr,0.8,adamw,"(0.9, 0.999)",0.01,7,BCEWithLogitsLoss
Liu_07211404,ecaresnet26t,0.8778,0.8778,19,"[928, 928, 2]","[832, 832, 2]","[0.2, 0.2, 0]","[0.9, 1.0]",48,2,0,1,"[2048, 512, 1]",TRUE,20,1000,0.001,onecyclelr,0.8,adamw,"(0.9, 0.999)",0.01,1,BCEWithLogitsLoss
Liu_07201122,tf_efficientnet_b0_ns,0.877,0.877,19,"[928, 928, 2]","[832, 832, 2]","[0.2, 0.2, 0]","[0.9, 1.0]",48,10,0,1,"[1280, 512, 1]",TRUE,20,1000,0.001,onecyclelr,0.8,adamw,"(0.9, 0.999)",0.01,1,BCEWithLogitsLoss
Liu_07211404,ecaresnet26t,0.876,0.8762,18,"[928, 928, 2]","[832, 832, 2]","[0.2, 0.2, 0]","[0.9, 1.0]",48,2,0,1,"[2048, 512, 1]",TRUE,20,1000,0.001,onecyclelr,0.8,adamw,"(0.9, 0.999)",0.01,1,BCEWithLogitsLoss
Liu_07251355,tf_efficientnet_b0_ns,0.8734,0.875,18,"[944, 944, 2]","[832, 832, 2]","[0.2, 0.2, 0]","[0.9, 1.0]",48,2,0.5,1,"[1280, 512, 1]",TRUE,20,1000,0.001,onecyclelr,0.8,adamw,"(0.9, 0.999)",0.01,7,BCEWithLogitsLoss
Liu_07210108,tf_efficientnet_b0_ns,0.8737,0.8746,12,"[928, 928, 2]","[832, 832, 2]","[0.2, 0.2, 0]","[0.9, 1.0]",48,2,0,1,"[1280, 512, 1]",TRUE,20,1000,0.001,onecyclelr,0.8,adamw,"(0.9, 0.999)",0.01,1,BCEFocal_loss
Liu_07210944,tf_efficientnet_b0_ns,0.8731,0.8731,19,"[928, 928, 2]","[832, 832, 2]","[0.2, 0.2, 0]","[0.9, 1.0]",48,2,0,1,"[1280, 512, 1]",TRUE,20,1000,0.001,onecyclelr,0.8,adamw,"(0.9, 0.999)",0.01,1,BCEWithLogitsLoss
Liu_07201124,tf_efficientnet_b0_ns,0.8712,0.8722,18,"[928, 928, 2]","[832, 832, 2]","[0.2, 0.2, 0]","[0.9, 1.0]",48,2,0,1,"[1280, 512, 1]",TRUE,20,1000,0.001,onecyclelr,0.8,adamw,"(0.9, 0.999)",0.01,1,BCEWithLogitsLoss
Liu_07240055,tf_efficientnet_b0_ns,0.8713,0.8718,18,"[928, 928, 2]","[832, 832, 2]","[0.2, 0.2, 0]","[0.9, 1.0]",44,2,0.5,1,"[1280, 512, 1]",TRUE,20,1000,0.001,onecyclelr,0.8,adamw,"(0.9, 0.999)",0.01,1,Smooth_BCEloss_01
Liu_07211404,ecaresnet26t,0.8675,0.8675,19,"[928, 928, 2]","[832, 832, 2]","[0.2, 0.2, 0]","[0.9, 1.0]",48,2,0,1,"[2048, 512, 1]",TRUE,20,1000,0.001,onecyclelr,0.8,adamw,"(0.9, 0.999)",0.01,1,BCEWithLogitsLoss
Liu_07251355,tf_efficientnet_b0_ns,0.8661,0.8661,19,"[944, 944, 2]","[832, 832, 2]","[0.2, 0.2, 0]","[0.9, 1.0]",48,2,0.5,1,"[1280, 512, 1]",TRUE,20,1000,0.001,onecyclelr,0.8,adamw,"(0.9, 0.999)",0.01,7,BCEWithLogitsLoss
Liu_07211404,ecaresnet26t,0.8632,0.8642,17,"[928, 928, 2]","[832, 832, 2]","[0.2, 0.2, 0]","[0.9, 1.0]",48,2,0,1,"[2048, 512, 1]",TRUE,20,1000,0.001,onecyclelr,0.8,adamw,"(0.9, 0.999)",0.01,1,BCEWithLogitsLoss
Liu_07250132,swin_base_patch4_window12_384,0.8619,0.8619,14,"[384, 384, 2]","[384, 384, 2]","[0.2, 0.2, 0]","[0.9, 1.0]",56,2,0.5,1,"[1024, 512, 1]",TRUE,15,1000,0.03,onecyclelr,0.8,sgd,"(0.9, 0.999)",0,7,BCEWithLogitsLoss
Liu_07240048,tf_efficientnet_b0_ns,0.8596,0.8596,19,"[384, 384, 2]","[384, 384, 2]","[0.2, 0.2, 0]","[0.9, 1.0]",128,2,0.5,1,"[1280, 512, 1]",TRUE,20,1000,0.001,onecyclelr,0.8,adamw,"(0.9, 0.999)",0.01,7,BCEWithLogitsLoss
Liu_07211404,ecaresnet26t,0.8539,0.8564,18,"[928, 928, 2]","[832, 832, 2]","[0.2, 0.2, 0]","[0.9, 1.0]",48,2,0,1,"[2048, 512, 1]",TRUE,20,1000,0.001,onecyclelr,0.8,adamw,"(0.9, 0.999)",0.01,1,BCEWithLogitsLoss
Liu_07240039,tf_efficientnet_b0_ns,0.8525,0.8539,15,"[320, 320, 2]","[320, 320, 2]","[0.2, 0.2, 0]","[0.9, 1.0]",128,2,0.5,1,"[1280, 512, 1]",TRUE,20,1000,0.001,onecyclelr,0.8,adamw,"(0.9, 0.999)",0.01,7,BCEWithLogitsLoss
Liu_07240050,tf_efficientnet_b0_ns,0.8525,0.8539,15,"[320, 320, 2]","[320, 320, 2]","[0.2, 0.2, 0]","[0.9, 1.0]",128,2,0.5,1,"[1280, 512, 1]",TRUE,20,1000,0.001,onecyclelr,0.8,adamw,"(0.9, 0.999)",0.01,7,BCEWithLogitsLoss
Liu_07240049,tf_efficientnet_b0_ns,0.8525,0.8539,15,"[320, 320, 2]","[320, 320, 2]","[0.2, 0.2, 0]","[0.9, 1.0]",128,2,0.5,1,"[1280, 512, 1]",TRUE,20,1000,0.001,onecyclelr,0.8,adamw,"(0.9, 0.999)",0.01,7,BCEWithLogitsLoss
Liu_07240048,tf_efficientnet_b0_ns,0.8535,0.8535,19,"[384, 384, 2]","[384, 384, 2]","[0.2, 0.2, 0]","[0.9, 1.0]",128,2,0.5,1,"[1280, 512, 1]",TRUE,20,1000,0.001,onecyclelr,0.8,adamw,"(0.9, 0.999)",0.01,7,BCEWithLogitsLoss
Liu_07250817,mixnet_xl,0.8518,0.8523,17,"[320, 320, 2]","[320, 320, 2]","[0.2, 0.2, 0]","[0.9, 1.0]",128,2,0.5,1,"[1536, 512, 1]",TRUE,20,1000,0.001,onecyclelr,0.8,adamw,"(0.9, 0.999)",0.01,7,BCEWithLogitsLoss
Liu_07242024,tf_efficientnet_b0_ns,0.8512,0.8522,18,"[320, 320, 2]","[320, 320, 2]","[0.2, 0.2, 0]","[0.9, 1.0]",128,2,0.5,1,"[1280, 256, 256, 1]",TRUE,20,1000,0.001,onecyclelr,0.8,adamw,"(0.9, 0.999)",0.01,7,BCEWithLogitsLoss
Liu_07240444,tf_efficientnet_b0_ns,0.8521,0.8521,19,"[320, 320, 2]","[320, 320, 2]","[0.2, 0.2, 0]","[0.9, 1.0]",128,2,0.5,1,"[1280, 512, 1]",TRUE,20,1000,0.001,onecyclelr,0.8,adamw,"(0.9, 0.999)",0.01,7,Smooth_BCEloss_01
Liu_07240048,tf_efficientnet_b0_ns,0.852,0.852,19,"[384, 384, 2]","[384, 384, 2]","[0.2, 0.2, 0]","[0.9, 1.0]",128,2,0.5,1,"[1280, 512, 1]",TRUE,20,1000,0.001,onecyclelr,0.8,adamw,"(0.9, 0.999)",0.01,7,BCEWithLogitsLoss
Liu_07241630,tf_efficientnet_b0_ns,0.8515,0.8518,16,"[320, 320, 2]","[320, 320, 2]","[0.2, 0.2, 0]","[0.9, 1.0]",128,2,0.5,1,"[1280, 128, 128, 1]",TRUE,20,1000,0.001,onecyclelr,0.8,adamw,"(0.9, 0.999)",0.01,7,BCEWithLogitsLoss
Liu_07241633,tf_efficientnet_b0_ns,0.8517,0.8517,19,"[320, 320, 2]","[320, 320, 2]","[0.2, 0.2, 0]","[0.9, 1.0]",128,2,0.5,1,"[1280, 512, 1]",TRUE,20,1000,0.001,onecyclelr,0.8,adamw,"(0.9, 0.999)",0.01,7,BCEFocal_loss_01
Liu_07250024,tf_efficientnet_b0_ns,0.8511,0.8515,17,"[320, 320, 2]","[320, 320, 2]","[0.2, 0.2, 0]","[0.9, 1.0]",128,2,0.5,1,"[1280, 512, 1]",TRUE,20,1000,0.001,onecyclelr,0.8,adamw,"(0.9, 0.999)",0.01,7,BCEFocal_loss_03
Liu_07242028,tf_efficientnet_b0_ns,0.851,0.8511,18,"[320, 320, 2]","[320, 320, 2]","[0.2, 0.2, 0]","[0.9, 1.0]",128,2,0.5,1,"[1280, 512, 1]",TRUE,20,1000,0.001,onecyclelr,0.8,adamw,"(0.9, 0.999)",0.01,7,BCEFocal_loss_02
Liu_07241816,hrnet_w18,0.8489,0.8508,17,"[320, 320, 2]","[320, 320, 2]","[0.2, 0.2, 0]","[0.9, 1.0]",128,2,0.5,1,"[2048, 512, 1]",TRUE,20,1000,0.001,onecyclelr,0.8,adamw,"(0.9, 0.999)",0.01,7,BCEWithLogitsLoss
Liu_07200513,tf_efficientnet_b0_ns,0.8502,0.8504,18,"[320, 320, 2]","[320, 320, 2]","[0.2, 0.2, 0]","[0.9, 1.0]",128,10,0,1,"[1280, 512, 512, 1]",TRUE,20,1000,0.001,onecyclelr,0.8,adamw,"(0.9, 0.999)",0.01,1,BCEWithLogitsLoss
Liu_07241237,tf_efficientnet_b0_ns,0.8504,0.8504,19,"[320, 320, 2]","[320, 320, 2]","[0.2, 0.2, 0]","[0.9, 1.0]",128,2,0.5,1,"[1280, 512, 1]",TRUE,20,1000,0.001,onecyclelr,0.8,adamw,"(0.9, 0.999)",0.01,7,Smooth_BCEloss_03
Liu_07260329,tf_efficientnet_b0_ns,0.8496,0.8501,17,"[320, 320, 2]","[320, 320, 2]","[0.2, 0.2, 0]","[0.9, 1.0]",128,5,0.5,1,"[1280, 512, 1]",TRUE,20,1000,0.001,onecyclelr,0.8,adamw,"(0.9, 0.999)",0.01,7,BCEWithLogitsLoss
Liu_07201132,tf_efficientnet_b0_ns,0.8498,0.8498,18,"[320, 320, 2]","[320, 320, 2]","[0.2, 0.2, 0]","[0.9, 1.0]",128,10,0.2,1,"[1280, 512, 1]",TRUE,20,1000,0.001,onecyclelr,0.8,adamw,"(0.9, 0.999)",0.01,11,BCEWithLogitsLoss
Liu_07240048,tf_efficientnet_b0_ns,0.8494,0.8494,19,"[384, 384, 2]","[384, 384, 2]","[0.2, 0.2, 0]","[0.9, 1.0]",128,2,0.5,1,"[1280, 512, 1]",TRUE,20,1000,0.001,onecyclelr,0.8,adamw,"(0.9, 0.999)",0.01,7,BCEWithLogitsLoss
Liu_07260721,tf_efficientnet_b0_ns,0.8493,0.8493,19,"[320, 320, 2]","[320, 320, 2]","[0.2, 0.2, 0]","[0.9, 1.0]",128,10,0.5,1,"[1280, 512, 1]",TRUE,20,1000,0.001,onecyclelr,0.8,adamw,"(0.9, 0.999)",0.01,7,BCEWithLogitsLoss
Liu_07241816,hrnet_w18,0.8483,0.8492,18,"[320, 320, 2]","[320, 320, 2]","[0.2, 0.2, 0]","[0.9, 1.0]",128,2,0.5,1,"[2048, 512, 1]",TRUE,20,1000,0.001,onecyclelr,0.8,adamw,"(0.9, 0.999)",0.01,7,BCEWithLogitsLoss
Liu_07252336,tf_efficientnet_b0_ns,0.8488,0.8488,19,"[320, 320, 2]","[320, 320, 2]","[0.2, 0.2, 0]","[0.9, 1.0]",128,1,0.5,1,"[1280, 512, 1]",TRUE,20,1000,0.001,onecyclelr,0.8,adamw,"(0.9, 0.999)",0.01,7,BCEWithLogitsLoss
Liu_07240048,tf_efficientnet_b0_ns,0.8487,0.8487,19,"[384, 384, 2]","[384, 384, 2]","[0.2, 0.2, 0]","[0.9, 1.0]",128,2,0.5,1,"[1280, 512, 1]",TRUE,20,1000,0.001,onecyclelr,0.8,adamw,"(0.9, 0.999)",0.01,7,BCEWithLogitsLoss
Liu_07202337,tf_efficientnet_b0_ns,0.8457,0.8485,15,"[320, 320, 2]","[320, 320, 2]","[0.2, 0.2, 0]","[0.9, 1.0]",128,10,0,1,"[1280, 256, 1]",TRUE,20,1000,0.001,onecyclelr,0.8,adamw,"(0.9, 0.999)",0.01,7,BCEWithLogitsLoss
Liu_07250017,tf_efficientnet_b0_ns,0.8482,0.8485,17,"[320, 320, 2]","[320, 320, 2]","[0.2, 0.2, 0]","[0.9, 1.0]",128,2,0.5,1,"[1280, 512, 512, 1]",TRUE,20,1000,0.001,onecyclelr,0.8,adamw,"(0.9, 0.999)",0.01,7,BCEWithLogitsLoss
Liu_07240444,tf_efficientnet_b0_ns,0.8464,0.8483,13,"[320, 320, 2]","[320, 320, 2]","[0.2, 0.2, 0]","[0.9, 1.0]",128,2,0.5,1,"[1280, 128, 1]",TRUE,20,1000,0.001,onecyclelr,0.8,adamw,"(0.9, 0.999)",0.01,7,BCEWithLogitsLoss
Liu_07201444,tf_efficientnet_b0_ns,0.8473,0.8482,18,"[320, 320, 2]","[320, 320, 2]","[0.2, 0.2, 0]","[0.9, 1.0]",128,10,0,1,"[1280, 128, 1]",TRUE,20,1000,0.001,onecyclelr,0.8,adamw,"(0.9, 0.999)",0.01,11,BCEWithLogitsLoss
Liu_07260329,tf_efficientnet_b0_ns,0.848,0.848,19,"[320, 320, 2]","[320, 320, 2]","[0.2, 0.2, 0]","[0.9, 1.0]",128,5,0.5,1,"[1280, 512, 1]",TRUE,20,1000,0.001,onecyclelr,0.8,adamw,"(0.9, 0.999)",0.01,7,BCEWithLogitsLoss
Liu_07252336,tf_efficientnet_b0_ns,0.8467,0.8477,14,"[320, 320, 2]","[320, 320, 2]","[0.2, 0.2, 0]","[0.9, 1.0]",128,1,0.5,1,"[1280, 512, 1]",TRUE,20,1000,0.001,onecyclelr,0.8,adamw,"(0.9, 0.999)",0.01,7,BCEWithLogitsLoss
Liu_07230252,tf_efficientnet_b0_ns,0.8473,0.8474,18,"[320, 320, 2]","[320, 320, 2]","[0.2, 0.2, 0]","[0.9, 1.0]",128,2,0.2,1,"[1280, 512, 1]",TRUE,20,1000,0.001,onecyclelr,0.8,adamw,"(0.9, 0.999)",0.01,7,BCEWithLogitsLoss
Liu_07240840,tf_efficientnet_b0_ns,0.8463,0.8474,14,"[320, 320, 2]","[320, 320, 2]","[0.2, 0.2, 0]","[0.9, 1.0]",128,2,0.5,1,"[1280, 512, 1]",TRUE,20,1000,0.001,onecyclelr,0.8,adamw,"(0.9, 0.999)",0.01,7,Smooth_BCEloss_02
Liu_07200601,tf_efficientnet_b0_ns,0.8457,0.8472,13,"[320, 320, 2]","[320, 320, 2]","[0.2, 0.2, 0]","[0.9, 1.0]",128,10,0,1,"[1280, 128, 128, 1]",TRUE,20,1000,0.001,onecyclelr,0.8,adamw,"(0.9, 0.999)",0.01,1,BCEWithLogitsLoss
Liu_07251549,tf_efficientnet_b0_ns,0.8467,0.8471,18,"[320, 320, 2]","[320, 320, 2]","[0.2, 0.2, 0]","[0.9, 1.0]",128,2,0.5,1,"[1280, 512, 512, 512, 1]",TRUE,20,1000,0.001,onecyclelr,0.8,adamw,"(0.9, 0.999)",0.01,7,BCEWithLogitsLoss
Liu_07240839,tf_efficientnet_b0_ns,0.8458,0.847,15,"[320, 320, 2]","[320, 320, 2]","[0.2, 0.2, 0]","[0.9, 1.0]",128,2,0.5,1,"[1280, 256, 1]",TRUE,20,1000,0.001,onecyclelr,0.8,adamw,"(0.9, 0.999)",0.01,7,BCEWithLogitsLoss
Liu_07250410,tf_efficientnet_b0_ns,0.8456,0.8469,13,"[320, 320, 2]","[320, 320, 2]","[0.2, 0.2, 0]","[0.9, 1.0]",128,2,0.5,1,"[1280, 1024, 1024, 1]",TRUE,20,1000,0.001,onecyclelr,0.8,adamw,"(0.9, 0.999)",0.01,7,BCEWithLogitsLoss
Liu_07201620,tf_efficientnet_b0_ns,0.8455,0.8467,18,"[320, 320, 2]","[320, 320, 2]","[0.2, 0.2, 0]","[0.9, 1.0]",128,10,0,1,"[1280, 256, 256, 1]",TRUE,20,1000,0.001,onecyclelr,0.8,adamw,"(0.9, 0.999)",0.01,11,BCEWithLogitsLoss
Liu_07202201,tf_efficientnet_b0_ns,0.8464,0.8467,18,"[320, 320, 2]","[320, 320, 2]","[0.2, 0.2, 0]","[0.9, 1.0]",128,10,0.5,1,"[1280, 512, 1]",TRUE,20,1000,0.001,onecyclelr,0.8,adamw,"(0.9, 0.999)",0.01,7,BCEWithLogitsLoss
Liu_07260721,tf_efficientnet_b0_ns,0.8467,0.8467,19,"[320, 320, 2]","[320, 320, 2]","[0.2, 0.2, 0]","[0.9, 1.0]",128,10,0.5,1,"[1280, 512, 1]",TRUE,20,1000,0.001,onecyclelr,0.8,adamw,"(0.9, 0.999)",0.01,7,BCEWithLogitsLoss
Liu_07250817,mixnet_xl,0.8442,0.8466,16,"[320, 320, 2]","[320, 320, 2]","[0.2, 0.2, 0]","[0.9, 1.0]",128,2,0.5,1,"[1536, 512, 1]",TRUE,20,1000,0.001,onecyclelr,0.8,adamw,"(0.9, 0.999)",0.01,7,BCEWithLogitsLoss
Liu_07200026,tf_efficientnet_b0_ns,0.8461,0.8465,15,"[320, 320, 2]","[320, 320, 2]","[0.2, 0.2, 0]","[0.9, 1.0]",128,10,0.5,1,"[1280, 512, 1]",TRUE,20,1000,0.001,onecyclelr,0.8,adamw,"(0.9, 0.999)",0.01,1,BCEWithLogitsLoss
Liu_07240839,tf_efficientnet_b0_ns,0.8453,0.8465,16,"[320, 320, 2]","[320, 320, 2]","[0.2, 0.2, 0]","[0.9, 1.0]",128,2,0.5,1,"[1280, 256, 1]",TRUE,20,1000,0.001,onecyclelr,0.8,adamw,"(0.9, 0.999)",0.01,7,BCEWithLogitsLoss
Liu_07242024,tf_efficientnet_b0_ns,0.8448,0.8465,17,"[320, 320, 2]","[320, 320, 2]","[0.2, 0.2, 0]","[0.9, 1.0]",128,2,0.5,1,"[1280, 256, 256, 1]",TRUE,20,1000,0.001,onecyclelr,0.8,adamw,"(0.9, 0.999)",0.01,7,BCEWithLogitsLoss
Liu_07250803,tf_efficientnet_b0_ns,0.8464,0.8464,19,"[320, 320, 2]","[320, 320, 2]","[0.2, 0.2, 0]","[0.9, 1.0]",128,2,0.5,1,"[1280, 128, 128, 128, 1]",TRUE,20,1000,0.001,onecyclelr,0.8,adamw,"(0.9, 0.999)",0.01,7,BCEWithLogitsLoss
Liu_07200337,tf_efficientnet_b0_ns,0.8458,0.8462,17,"[320, 320, 2]","[320, 320, 2]","[0.2, 0.2, 0]","[0.9, 1.0]",128,10,0,1,"[1280, 1024, 1]",TRUE,20,1000,0.001,onecyclelr,0.8,adamw,"(0.9, 0.999)",0.01,1,BCEWithLogitsLoss
Liu_07231041,tf_efficientnet_b0_ns,0.8462,0.8462,19,"[320, 320, 2]","[320, 320, 2]","[0.2, 0.2, 0]","[0.9, 1.0]",128,2,0.8,1,"[1280, 512, 1]",TRUE,20,1000,0.001,onecyclelr,0.8,adamw,"(0.9, 0.999)",0.01,7,BCEWithLogitsLoss
Liu_07250024,tf_efficientnet_b0_ns,0.8451,0.8461,18,"[320, 320, 2]","[320, 320, 2]","[0.2, 0.2, 0]","[0.9, 1.0]",128,2,0.5,1,"[1280, 512, 1]",TRUE,20,1000,0.001,onecyclelr,0.8,adamw,"(0.9, 0.999)",0.01,7,BCEFocal_loss_03
Liu_07241236,tf_efficientnet_b0_ns,0.8461,0.8461,19,"[320, 320, 2]","[320, 320, 2]","[0.2, 0.2, 0]","[0.9, 1.0]",128,2,0.5,1,"[1280, 1024, 1]",TRUE,20,1000,0.001,onecyclelr,0.8,adamw,"(0.9, 0.999)",0.01,7,BCEWithLogitsLoss
Liu_07201044,tf_efficientnet_b0_ns,0.8446,0.846,15,"[320, 320, 2]","[320, 320, 2]","[0.2, 0.2, 0]","[0.9, 1.0]",128,10,0,1,"[1280, 512, 1]",TRUE,20,1000,0.001,onecyclelr,0.8,adamw,"(0.9, 0.999)",0.01,11,BCEWithLogitsLoss
Liu_07201708,tf_efficientnet_b0_ns,0.8457,0.8457,19,"[320, 320, 2]","[320, 320, 2]","[0.2, 0.2, 0]","[0.9, 1.0]",128,10,0,1,"[1280, 512, 512, 1]",TRUE,20,1000,0.001,onecyclelr,0.8,adamw,"(0.9, 0.999)",0.01,11,BCEWithLogitsLoss
Liu_07250803,tf_efficientnet_b0_ns,0.8453,0.8457,17,"[320, 320, 2]","[320, 320, 2]","[0.2, 0.2, 0]","[0.9, 1.0]",128,2,0.5,1,"[1280, 128, 128, 128, 1]",TRUE,20,1000,0.001,onecyclelr,0.8,adamw,"(0.9, 0.999)",0.01,7,BCEWithLogitsLoss
Liu_07201756,tf_efficientnet_b0_ns,0.8453,0.8453,19,"[320, 320, 2]","[320, 320, 2]","[0.2, 0.2, 0]","[0.9, 1.0]",128,10,0,1,"[1280, 128, 128, 1]",TRUE,20,1000,0.001,onecyclelr,0.8,adamw,"(0.9, 0.999)",0.01,11,BCEWithLogitsLoss
Liu_07252048,seresnext26t_32x4d,0.8438,0.8453,14,"[320, 320, 2]","[320, 320, 2]","[0.2, 0.2, 0]","[0.9, 1.0]",128,2,0.5,1,"[2048, 512, 1]",TRUE,20,1000,0.001,onecyclelr,0.8,adamw,"(0.9, 0.999)",0.01,7,BCEWithLogitsLoss
Liu_07192250,tf_efficientnet_b0_ns,0.8451,0.8451,19,"[320, 320, 2]","[320, 320, 2]","[0.2, 0.2, 0]","[0.9, 1.0]",128,10,0,1,"[1280, 512, 1]",TRUE,20,1000,0.001,onecyclelr,0.8,adamw,"(0.9, 0.999)",0.01,1,BCEWithLogitsLoss
Liu_07230646,tf_efficientnet_b0_ns,0.8423,0.8448,15,"[320, 320, 2]","[320, 320, 2]","[0.2, 0.2, 0]","[0.9, 1.0]",128,2,0.5,1,"[1280, 512, 1]",TRUE,20,1000,0.001,onecyclelr,0.8,adamw,"(0.9, 0.999)",0.01,7,BCEWithLogitsLoss
Liu_07202113,tf_efficientnet_b0_ns,0.8445,0.8447,18,"[320, 320, 2]","[320, 320, 2]","[0.2, 0.2, 0]","[0.9, 1.0]",128,10,0.2,1,"[1280, 512, 1]",TRUE,20,1000,0.001,onecyclelr,0.8,adamw,"(0.9, 0.999)",0.01,7,BCEWithLogitsLoss
Liu_07201356,tf_efficientnet_b0_ns,0.8434,0.8445,17,"[320, 320, 2]","[320, 320, 2]","[0.2, 0.2, 0]","[0.9, 1.0]",128,10,0,1,"[1280, 256, 1]",TRUE,20,1000,0.001,onecyclelr,0.8,adamw,"(0.9, 0.999)",0.01,11,BCEWithLogitsLoss
Liu_07240039,tf_efficientnet_b0_ns,0.8441,0.8445,18,"[320, 320, 2]","[320, 320, 2]","[0.2, 0.2, 0]","[0.9, 1.0]",128,2,0.5,1,"[1280, 512, 1]",TRUE,20,1000,0.001,onecyclelr,0.8,adamw,"(0.9, 0.999)",0.01,7,BCEWithLogitsLoss
Liu_07240050,tf_efficientnet_b0_ns,0.8441,0.8445,18,"[320, 320, 2]","[320, 320, 2]","[0.2, 0.2, 0]","[0.9, 1.0]",128,2,0.5,1,"[1280, 512, 1]",TRUE,20,1000,0.001,onecyclelr,0.8,adamw,"(0.9, 0.999)",0.01,7,BCEWithLogitsLoss
Liu_07240049,tf_efficientnet_b0_ns,0.8441,0.8445,18,"[320, 320, 2]","[320, 320, 2]","[0.2, 0.2, 0]","[0.9, 1.0]",128,2,0.5,1,"[1280, 512, 1]",TRUE,20,1000,0.001,onecyclelr,0.8,adamw,"(0.9, 0.999)",0.01,7,BCEWithLogitsLoss
Liu_07241630,tf_efficientnet_b0_ns,0.8435,0.8443,18,"[320, 320, 2]","[320, 320, 2]","[0.2, 0.2, 0]","[0.9, 1.0]",128,2,0.5,1,"[1280, 128, 128, 1]",TRUE,20,1000,0.001,onecyclelr,0.8,adamw,"(0.9, 0.999)",0.01,7,BCEWithLogitsLoss
Liu_07250630,swin_base_patch4_window12_384,0.844,0.8443,13,"[384, 384, 2]","[384, 384, 2]","[0.2, 0.2, 0]","[0.9, 1.0]",56,2,0.5,1,"[1024, 512, 1]",TRUE,15,1000,0.01,onecyclelr,0.8,sgd,"(0.9, 0.999)",0,7,BCEWithLogitsLoss
Liu_07201308,tf_efficientnet_b0_ns,0.8436,0.8442,15,"[320, 320, 2]","[320, 320, 2]","[0.2, 0.2, 0]","[0.9, 1.0]",128,10,0.8,1,"[1280, 512, 1]",TRUE,20,1000,0.001,onecyclelr,0.8,adamw,"(0.9, 0.999)",0.01,11,BCEWithLogitsLoss
Liu_07251549,tf_efficientnet_b0_ns,0.8439,0.8442,15,"[320, 320, 2]","[320, 320, 2]","[0.2, 0.2, 0]","[0.9, 1.0]",128,2,0.5,1,"[1280, 512, 512, 512, 1]",TRUE,20,1000,0.001,onecyclelr,0.8,adamw,"(0.9, 0.999)",0.01,7,BCEWithLogitsLoss
Liu_07240444,tf_efficientnet_b0_ns,0.8433,0.844,18,"[320, 320, 2]","[320, 320, 2]","[0.2, 0.2, 0]","[0.9, 1.0]",128,2,0.5,1,"[1280, 512, 1]",TRUE,20,1000,0.001,onecyclelr,0.8,adamw,"(0.9, 0.999)",0.01,7,Smooth_BCEloss_01
Liu_07200426,tf_efficientnet_b0_ns,0.8417,0.8439,18,"[320, 320, 2]","[320, 320, 2]","[0.2, 0.2, 0]","[0.9, 1.0]",128,10,0,1,"[1280, 256, 256, 1]",TRUE,20,1000,0.001,onecyclelr,0.8,adamw,"(0.9, 0.999)",0.01,1,BCEWithLogitsLoss
Liu_07201220,tf_efficientnet_b0_ns,0.8435,0.8437,18,"[320, 320, 2]","[320, 320, 2]","[0.2, 0.2, 0]","[0.9, 1.0]",128,10,0.5,1,"[1280, 512, 1]",TRUE,20,1000,0.001,onecyclelr,0.8,adamw,"(0.9, 0.999)",0.01,11,BCEWithLogitsLoss
Liu_07202249,tf_efficientnet_b0_ns,0.8426,0.8437,15,"[320, 320, 2]","[320, 320, 2]","[0.2, 0.2, 0]","[0.9, 1.0]",128,10,0.8,1,"[1280, 512, 1]",TRUE,20,1000,0.001,onecyclelr,0.8,adamw,"(0.9, 0.999)",0.01,7,BCEWithLogitsLoss
Liu_07250017,tf_efficientnet_b0_ns,0.8435,0.8437,17,"[320, 320, 2]","[320, 320, 2]","[0.2, 0.2, 0]","[0.9, 1.0]",128,2,0.5,1,"[1280, 512, 512, 1]",TRUE,20,1000,0.001,onecyclelr,0.8,adamw,"(0.9, 0.999)",0.01,7,BCEWithLogitsLoss
Liu_07241816,hrnet_w18,0.8431,0.8436,18,"[320, 320, 2]","[320, 320, 2]","[0.2, 0.2, 0]","[0.9, 1.0]",128,2,0.5,1,"[2048, 512, 1]",TRUE,20,1000,0.001,onecyclelr,0.8,adamw,"(0.9, 0.999)",0.01,7,BCEWithLogitsLoss
Liu_07222300,tf_efficientnet_b0_ns,0.8428,0.8435,15,"[320, 320, 2]","[320, 320, 2]","[0.2, 0.2, 0]","[0.9, 1.0]",128,2,0,1,"[1280, 512, 1]",TRUE,20,1000,0.001,onecyclelr,0.8,adamw,"(0.9, 0.999)",0.01,7,BCEWithLogitsLoss
Liu_07202025,tf_efficientnet_b0_ns,0.8434,0.8434,19,"[320, 320, 2]","[320, 320, 2]","[0.2, 0.2, 0]","[0.9, 1.0]",128,10,0,1,"[1280, 512, 1]",TRUE,20,1000,0.001,onecyclelr,0.8,adamw,"(0.9, 0.999)",0.01,7,BCEWithLogitsLoss
Liu_07201843,tf_efficientnet_b0_ns,0.8421,0.8433,14,"[320, 320, 2]","[320, 320, 2]","[0.2, 0.2, 0]","[0.9, 1.0]",128,10,0,1,"[1280, 256, 256, 256, 1]",TRUE,20,1000,0.001,onecyclelr,0.8,adamw,"(0.9, 0.999)",0.01,11,BCEWithLogitsLoss
Liu_07200201,tf_efficientnet_b0_ns,0.8432,0.8432,19,"[320, 320, 2]","[320, 320, 2]","[0.2, 0.2, 0]","[0.9, 1.0]",128,10,0,1,"[1280, 256, 1]",TRUE,20,1000,0.001,onecyclelr,0.8,adamw,"(0.9, 0.999)",0.01,1,BCEWithLogitsLoss
Liu_07241633,tf_efficientnet_b0_ns,0.8425,0.8432,15,"[320, 320, 2]","[320, 320, 2]","[0.2, 0.2, 0]","[0.9, 1.0]",128,2,0.5,1,"[1280, 512, 1]",TRUE,20,1000,0.001,onecyclelr,0.8,adamw,"(0.9, 0.999)",0.01,7,BCEFocal_loss_01
Liu_07231041,tf_efficientnet_b0_ns,0.8431,0.8431,19,"[320, 320, 2]","[320, 320, 2]","[0.2, 0.2, 0]","[0.9, 1.0]",128,2,0.8,1,"[1280, 512, 1]",TRUE,20,1000,0.001,onecyclelr,0.8,adamw,"(0.9, 0.999)",0.01,7,BCEWithLogitsLoss
Liu_07200113,tf_efficientnet_b0_ns,0.8403,0.8429,16,"[320, 320, 2]","[320, 320, 2]","[0.2, 0.2, 0]","[0.9, 1.0]",128,10,0.8,1,"[1280, 512, 1]",TRUE,20,1000,0.001,onecyclelr,0.8,adamw,"(0.9, 0.999)",0.01,1,BCEWithLogitsLoss
Liu_07251156,tf_efficientnet_b0_ns,0.8415,0.8428,17,"[320, 320, 2]","[320, 320, 2]","[0.2, 0.2, 0]","[0.9, 1.0]",128,2,0.5,1,"[1280, 256, 256, 256, 1]",TRUE,20,1000,0.001,onecyclelr,0.8,adamw,"(0.9, 0.999)",0.01,7,BCEWithLogitsLoss
Liu_07222300,tf_efficientnet_b0_ns,0.8427,0.8427,19,"[320, 320, 2]","[320, 320, 2]","[0.2, 0.2, 0]","[0.9, 1.0]",128,2,0,1,"[1280, 512, 1]",TRUE,20,1000,0.001,onecyclelr,0.8,adamw,"(0.9, 0.999)",0.01,7,BCEWithLogitsLoss
Liu_07251942,tf_efficientnet_b0_ns,0.8427,0.8427,19,"[320, 320, 2]","[320, 320, 2]","[0.2, 0.2, 0]","[0.9, 1.0]",128,2,0.5,1,"[1280, 1024, 1024, 1024, 1]",TRUE,20,1000,0.001,onecyclelr,0.8,adamw,"(0.9, 0.999)",0.01,7,BCEWithLogitsLoss
Liu_07251942,tf_efficientnet_b0_ns,0.8426,0.8426,19,"[320, 320, 2]","[320, 320, 2]","[0.2, 0.2, 0]","[0.9, 1.0]",128,2,0.5,1,"[1280, 1024, 1024, 1024, 1]",TRUE,20,1000,0.001,onecyclelr,0.8,adamw,"(0.9, 0.999)",0.01,7,BCEWithLogitsLoss
Liu_07201532,tf_efficientnet_b0_ns,0.8414,0.8424,15,"[320, 320, 2]","[320, 320, 2]","[0.2, 0.2, 0]","[0.9, 1.0]",128,10,0,1,"[1280, 1024, 1]",TRUE,20,1000,0.001,onecyclelr,0.8,adamw,"(0.9, 0.999)",0.01,11,BCEWithLogitsLoss
Liu_07251156,tf_efficientnet_b0_ns,0.8407,0.8422,14,"[320, 320, 2]","[320, 320, 2]","[0.2, 0.2, 0]","[0.9, 1.0]",128,2,0.5,1,"[1280, 256, 256, 256, 1]",TRUE,20,1000,0.001,onecyclelr,0.8,adamw,"(0.9, 0.999)",0.01,7,BCEWithLogitsLoss
Liu_07250817,mixnet_xl,0.8409,0.8419,17,"[320, 320, 2]","[320, 320, 2]","[0.2, 0.2, 0]","[0.9, 1.0]",128,2,0.5,1,"[1536, 512, 1]",TRUE,20,1000,0.001,onecyclelr,0.8,adamw,"(0.9, 0.999)",0.01,7,BCEWithLogitsLoss
Liu_07200249,tf_efficientnet_b0_ns,0.8403,0.8418,17,"[320, 320, 2]","[320, 320, 2]","[0.2, 0.2, 0]","[0.9, 1.0]",128,10,0,1,"[1280, 128, 1]",TRUE,20,1000,0.001,onecyclelr,0.8,adamw,"(0.9, 0.999)",0.01,1,BCEWithLogitsLoss
Liu_07200649,tf_efficientnet_b0_ns,0.8418,0.8418,19,"[320, 320, 2]","[320, 320, 2]","[0.2, 0.2, 0]","[0.9, 1.0]",128,10,0,1,"[1280, 256, 256, 256, 1]",TRUE,20,1000,0.001,onecyclelr,0.8,adamw,"(0.9, 0.999)",0.01,1,BCEWithLogitsLoss
Liu_07240840,tf_efficientnet_b0_ns,0.8413,0.8418,18,"[320, 320, 2]","[320, 320, 2]","[0.2, 0.2, 0]","[0.9, 1.0]",128,2,0.5,1,"[1280, 512, 1]",TRUE,20,1000,0.001,onecyclelr,0.8,adamw,"(0.9, 0.999)",0.01,7,Smooth_BCEloss_02
Liu_07222300,tf_efficientnet_b0_ns,0.8409,0.8417,18,"[320, 320, 2]","[320, 320, 2]","[0.2, 0.2, 0]","[0.9, 1.0]",128,2,0,1,"[1280, 512, 1]",TRUE,20,1000,0.001,onecyclelr,0.8,adamw,"(0.9, 0.999)",0.01,7,BCEWithLogitsLoss
Liu_07241236,tf_efficientnet_b0_ns,0.841,0.8417,16,"[320, 320, 2]","[320, 320, 2]","[0.2, 0.2, 0]","[0.9, 1.0]",128,2,0.5,1,"[1280, 1024, 1]",TRUE,20,1000,0.001,onecyclelr,0.8,adamw,"(0.9, 0.999)",0.01,7,BCEWithLogitsLoss
Liu_07200738,tf_efficientnet_b0_ns,0.8414,0.8414,19,"[320, 320, 2]","[320, 320, 2]","[0.2, 0.2, 0]","[0.9, 1.0]",128,10,0,1,"[1280, 128, 128, 128, 1]",TRUE,20,1000,0.001,onecyclelr,0.8,adamw,"(0.9, 0.999)",0.01,1,BCEWithLogitsLoss
Liu_07230646,tf_efficientnet_b0_ns,0.8399,0.8412,16,"[320, 320, 2]","[320, 320, 2]","[0.2, 0.2, 0]","[0.9, 1.0]",128,2,0.5,1,"[1280, 512, 1]",TRUE,20,1000,0.001,onecyclelr,0.8,adamw,"(0.9, 0.999)",0.01,7,BCEWithLogitsLoss
Liu_07230252,tf_efficientnet_b0_ns,0.8398,0.8411,18,"[320, 320, 2]","[320, 320, 2]","[0.2, 0.2, 0]","[0.9, 1.0]",128,2,0.2,1,"[1280, 512, 1]",TRUE,20,1000,0.001,onecyclelr,0.8,adamw,"(0.9, 0.999)",0.01,7,BCEWithLogitsLoss
Liu_07230646,tf_efficientnet_b0_ns,0.8402,0.8411,16,"[320, 320, 2]","[320, 320, 2]","[0.2, 0.2, 0]","[0.9, 1.0]",128,2,0.5,1,"[1280, 512, 1]",TRUE,20,1000,0.001,onecyclelr,0.8,adamw,"(0.9, 0.999)",0.01,7,BCEWithLogitsLoss
Liu_07251128,swin_base_patch4_window12_384,0.8399,0.8411,12,"[384, 384, 2]","[384, 384, 2]","[0.2, 0.2, 0]","[0.9, 1.0]",56,2,0.5,1,"[1024, 512, 1]",TRUE,15,1000,0.003,onecyclelr,0.8,sgd,"(0.9, 0.999)",0,7,BCEWithLogitsLoss
Liu_07200825,tf_efficientnet_b0_ns,0.8406,0.8407,11,"[320, 320, 2]","[320, 320, 2]","[0.2, 0.2, 0]","[0.9, 1.0]",128,10,0,1,"[1280, 512, 512, 512, 1]",TRUE,20,1000,0.001,onecyclelr,0.8,adamw,"(0.9, 0.999)",0.01,1,BCEWithLogitsLoss
Liu_07231041,tf_efficientnet_b0_ns,0.8399,0.8407,18,"[320, 320, 2]","[320, 320, 2]","[0.2, 0.2, 0]","[0.9, 1.0]",128,2,0.8,1,"[1280, 512, 1]",TRUE,20,1000,0.001,onecyclelr,0.8,adamw,"(0.9, 0.999)",0.01,7,BCEWithLogitsLoss
Liu_07230252,tf_efficientnet_b0_ns,0.8389,0.8406,15,"[320, 320, 2]","[320, 320, 2]","[0.2, 0.2, 0]","[0.9, 1.0]",128,2,0.2,1,"[1280, 512, 1]",TRUE,20,1000,0.001,onecyclelr,0.8,adamw,"(0.9, 0.999)",0.01,7,BCEWithLogitsLoss
Liu_07241237,tf_efficientnet_b0_ns,0.8406,0.8406,18,"[320, 320, 2]","[320, 320, 2]","[0.2, 0.2, 0]","[0.9, 1.0]",128,2,0.5,1,"[1280, 512, 1]",TRUE,20,1000,0.001,onecyclelr,0.8,adamw,"(0.9, 0.999)",0.01,7,Smooth_BCEloss_03
Liu_07250410,tf_efficientnet_b0_ns,0.84,0.8406,17,"[320, 320, 2]","[320, 320, 2]","[0.2, 0.2, 0]","[0.9, 1.0]",128,2,0.5,1,"[1280, 1024, 1024, 1]",TRUE,20,1000,0.001,onecyclelr,0.8,adamw,"(0.9, 0.999)",0.01,7,BCEWithLogitsLoss
Liu_07242028,tf_efficientnet_b0_ns,0.8398,0.8403,18,"[320, 320, 2]","[320, 320, 2]","[0.2, 0.2, 0]","[0.9, 1.0]",128,2,0.5,1,"[1280, 512, 1]",TRUE,20,1000,0.001,onecyclelr,0.8,adamw,"(0.9, 0.999)",0.01,7,BCEFocal_loss_02
Liu_07260928,rexnet_130,0.8382,0.8401,17,"[320, 320, 2]","[320, 320, 2]","[0.2, 0.2, 0]","[0.9, 1.0]",128,2,0.5,1,"[1664, 512, 1]",TRUE,20,1000,0.001,onecyclelr,0.8,adamw,"(0.9, 0.999)",0.01,7,BCEWithLogitsLoss
Liu_07251611,mobilenetv2_120d,0.8385,0.8399,18,"[320, 320, 2]","[320, 320, 2]","[0.2, 0.2, 0]","[0.9, 1.0]",128,2,0.5,1,"[1280, 512, 1]",TRUE,20,1000,0.001,onecyclelr,0.8,adamw,"(0.9, 0.999)",0.01,7,BCEWithLogitsLoss
Liu_07192338,tf_efficientnet_b0_ns,0.8395,0.8397,17,"[320, 320, 2]","[320, 320, 2]","[0.2, 0.2, 0]","[0.9, 1.0]",128,10,0.2,1,"[1280, 512, 1]",TRUE,20,1000,0.001,onecyclelr,0.8,adamw,"(0.9, 0.999)",0.01,1,BCEWithLogitsLoss
Liu_07240444,tf_efficientnet_b0_ns,0.8395,0.8395,19,"[320, 320, 2]","[320, 320, 2]","[0.2, 0.2, 0]","[0.9, 1.0]",128,2,0.5,1,"[1280, 128, 1]",TRUE,20,1000,0.001,onecyclelr,0.8,adamw,"(0.9, 0.999)",0.01,7,BCEWithLogitsLoss
Liu_07242024,tf_efficientnet_b0_ns,0.8381,0.8395,16,"[320, 320, 2]","[320, 320, 2]","[0.2, 0.2, 0]","[0.9, 1.0]",128,2,0.5,1,"[1280, 256, 256, 1]",TRUE,20,1000,0.001,onecyclelr,0.8,adamw,"(0.9, 0.999)",0.01,7,BCEWithLogitsLoss
Liu_07252048,seresnext26t_32x4d,0.8388,0.8393,18,"[320, 320, 2]","[320, 320, 2]","[0.2, 0.2, 0]","[0.9, 1.0]",128,2,0.5,1,"[2048, 512, 1]",TRUE,20,1000,0.001,onecyclelr,0.8,adamw,"(0.9, 0.999)",0.01,7,BCEWithLogitsLoss
Liu_07230646,tf_efficientnet_b0_ns,0.8372,0.8384,17,"[320, 320, 2]","[320, 320, 2]","[0.2, 0.2, 0]","[0.9, 1.0]",128,2,0.5,1,"[1280, 512, 1]",TRUE,20,1000,0.001,onecyclelr,0.8,adamw,"(0.9, 0.999)",0.01,7,BCEWithLogitsLoss
Liu_07250410,tf_efficientnet_b0_ns,0.836,0.8378,17,"[320, 320, 2]","[320, 320, 2]","[0.2, 0.2, 0]","[0.9, 1.0]",128,2,0.5,1,"[1280, 1024, 1024, 1]",TRUE,20,1000,0.001,onecyclelr,0.8,adamw,"(0.9, 0.999)",0.01,7,BCEWithLogitsLoss
Liu_07231041,tf_efficientnet_b0_ns,0.8375,0.8377,17,"[320, 320, 2]","[320, 320, 2]","[0.2, 0.2, 0]","[0.9, 1.0]",128,2,0.8,1,"[1280, 512, 1]",TRUE,20,1000,0.001,onecyclelr,0.8,adamw,"(0.9, 0.999)",0.01,7,BCEWithLogitsLoss
Liu_07241236,tf_efficientnet_b0_ns,0.8366,0.8373,18,"[320, 320, 2]","[320, 320, 2]","[0.2, 0.2, 0]","[0.9, 1.0]",128,2,0.5,1,"[1280, 1024, 1]",TRUE,20,1000,0.001,onecyclelr,0.8,adamw,"(0.9, 0.999)",0.01,7,BCEWithLogitsLoss
Liu_07242028,tf_efficientnet_b0_ns,0.8361,0.8371,17,"[320, 320, 2]","[320, 320, 2]","[0.2, 0.2, 0]","[0.9, 1.0]",128,2,0.5,1,"[1280, 512, 1]",TRUE,20,1000,0.001,onecyclelr,0.8,adamw,"(0.9, 0.999)",0.01,7,BCEFocal_loss_02
Liu_07240839,tf_efficientnet_b0_ns,0.8356,0.8364,16,"[320, 320, 2]","[320, 320, 2]","[0.2, 0.2, 0]","[0.9, 1.0]",128,2,0.5,1,"[1280, 256, 1]",TRUE,20,1000,0.001,onecyclelr,0.8,adamw,"(0.9, 0.999)",0.01,7,BCEWithLogitsLoss
Liu_07240039,tf_efficientnet_b0_ns,0.8347,0.8361,14,"[320, 320, 2]","[320, 320, 2]","[0.2, 0.2, 0]","[0.9, 1.0]",128,2,0.5,1,"[1280, 512, 1]",TRUE,20,1000,0.001,onecyclelr,0.8,adamw,"(0.9, 0.999)",0.01,7,BCEWithLogitsLoss
Liu_07240050,tf_efficientnet_b0_ns,0.8347,0.8361,14,"[320, 320, 2]","[320, 320, 2]","[0.2, 0.2, 0]","[0.9, 1.0]",128,2,0.5,1,"[1280, 512, 1]",TRUE,20,1000,0.001,onecyclelr,0.8,adamw,"(0.9, 0.999)",0.01,7,BCEWithLogitsLoss
Liu_07240049,tf_efficientnet_b0_ns,0.8347,0.8361,14,"[320, 320, 2]","[320, 320, 2]","[0.2, 0.2, 0]","[0.9, 1.0]",128,2,0.5,1,"[1280, 512, 1]",TRUE,20,1000,0.001,onecyclelr,0.8,adamw,"(0.9, 0.999)",0.01,7,BCEWithLogitsLoss
Liu_07251611,mobilenetv2_120d,0.835,0.8357,17,"[320, 320, 2]","[320, 320, 2]","[0.2, 0.2, 0]","[0.9, 1.0]",128,2,0.5,1,"[1280, 512, 1]",TRUE,20,1000,0.001,onecyclelr,0.8,adamw,"(0.9, 0.999)",0.01,7,BCEWithLogitsLoss
Liu_07230252,tf_efficientnet_b0_ns,0.8352,0.8356,17,"[320, 320, 2]","[320, 320, 2]","[0.2, 0.2, 0]","[0.9, 1.0]",128,2,0.2,1,"[1280, 512, 1]",TRUE,20,1000,0.001,onecyclelr,0.8,adamw,"(0.9, 0.999)",0.01,7,BCEWithLogitsLoss
Liu_07241816,hrnet_w18,0.8354,0.8356,18,"[320, 320, 2]","[320, 320, 2]","[0.2, 0.2, 0]","[0.9, 1.0]",128,2,0.5,1,"[2048, 512, 1]",TRUE,20,1000,0.001,onecyclelr,0.8,adamw,"(0.9, 0.999)",0.01,7,BCEWithLogitsLoss
Liu_07251156,tf_efficientnet_b0_ns,0.8354,0.8356,14,"[320, 320, 2]","[320, 320, 2]","[0.2, 0.2, 0]","[0.9, 1.0]",128,2,0.5,1,"[1280, 256, 256, 256, 1]",TRUE,20,1000,0.001,onecyclelr,0.8,adamw,"(0.9, 0.999)",0.01,7,BCEWithLogitsLoss
Liu_07240444,tf_efficientnet_b0_ns,0.8346,0.8352,18,"[320, 320, 2]","[320, 320, 2]","[0.2, 0.2, 0]","[0.9, 1.0]",128,2,0.5,1,"[1280, 128, 1]",TRUE,20,1000,0.001,onecyclelr,0.8,adamw,"(0.9, 0.999)",0.01,7,BCEWithLogitsLoss
Liu_07250017,tf_efficientnet_b0_ns,0.8341,0.8345,17,"[320, 320, 2]","[320, 320, 2]","[0.2, 0.2, 0]","[0.9, 1.0]",128,2,0.5,1,"[1280, 512, 512, 1]",TRUE,20,1000,0.001,onecyclelr,0.8,adamw,"(0.9, 0.999)",0.01,7,BCEWithLogitsLoss
Liu_07260721,tf_efficientnet_b0_ns,0.8342,0.8345,17,"[320, 320, 2]","[320, 320, 2]","[0.2, 0.2, 0]","[0.9, 1.0]",128,10,0.5,1,"[1280, 512, 1]",TRUE,20,1000,0.001,onecyclelr,0.8,adamw,"(0.9, 0.999)",0.01,7,BCEWithLogitsLoss
Liu_07251156,tf_efficientnet_b0_ns,0.8333,0.8342,18,"[320, 320, 2]","[320, 320, 2]","[0.2, 0.2, 0]","[0.9, 1.0]",128,2,0.5,1,"[1280, 256, 256, 256, 1]",TRUE,20,1000,0.001,onecyclelr,0.8,adamw,"(0.9, 0.999)",0.01,7,BCEWithLogitsLoss
Liu_07251942,tf_efficientnet_b0_ns,0.8337,0.8341,18,"[320, 320, 2]","[320, 320, 2]","[0.2, 0.2, 0]","[0.9, 1.0]",128,2,0.5,1,"[1280, 1024, 1024, 1024, 1]",TRUE,20,1000,0.001,onecyclelr,0.8,adamw,"(0.9, 0.999)",0.01,7,BCEWithLogitsLoss
Liu_07222300,tf_efficientnet_b0_ns,0.8335,0.834,17,"[320, 320, 2]","[320, 320, 2]","[0.2, 0.2, 0]","[0.9, 1.0]",128,2,0,1,"[1280, 512, 1]",TRUE,20,1000,0.001,onecyclelr,0.8,adamw,"(0.9, 0.999)",0.01,7,BCEWithLogitsLoss
Liu_07240444,tf_efficientnet_b0_ns,0.8337,0.834,16,"[320, 320, 2]","[320, 320, 2]","[0.2, 0.2, 0]","[0.9, 1.0]",128,2,0.5,1,"[1280, 128, 1]",TRUE,20,1000,0.001,onecyclelr,0.8,adamw,"(0.9, 0.999)",0.01,7,BCEWithLogitsLoss
Liu_07251942,tf_efficientnet_b0_ns,0.834,0.834,19,"[320, 320, 2]","[320, 320, 2]","[0.2, 0.2, 0]","[0.9, 1.0]",128,2,0.5,1,"[1280, 1024, 1024, 1024, 1]",TRUE,20,1000,0.001,onecyclelr,0.8,adamw,"(0.9, 0.999)",0.01,7,BCEWithLogitsLoss
Liu_07240444,tf_efficientnet_b0_ns,0.8332,0.8337,15,"[320, 320, 2]","[320, 320, 2]","[0.2, 0.2, 0]","[0.9, 1.0]",128,2,0.5,1,"[1280, 512, 1]",TRUE,20,1000,0.001,onecyclelr,0.8,adamw,"(0.9, 0.999)",0.01,7,Smooth_BCEloss_01
Liu_07252048,seresnext26t_32x4d,0.8336,0.8336,19,"[320, 320, 2]","[320, 320, 2]","[0.2, 0.2, 0]","[0.9, 1.0]",128,2,0.5,1,"[2048, 512, 1]",TRUE,20,1000,0.001,onecyclelr,0.8,adamw,"(0.9, 0.999)",0.01,7,BCEWithLogitsLoss
Liu_07222300,tf_efficientnet_b0_ns,0.8333,0.8333,18,"[320, 320, 2]","[320, 320, 2]","[0.2, 0.2, 0]","[0.9, 1.0]",128,2,0,1,"[1280, 512, 1]",TRUE,20,1000,0.001,onecyclelr,0.8,adamw,"(0.9, 0.999)",0.01,7,BCEWithLogitsLoss
Liu_07240039,tf_efficientnet_b0_ns,0.833,0.833,19,"[320, 320, 2]","[320, 320, 2]","[0.2, 0.2, 0]","[0.9, 1.0]",128,2,0.5,1,"[1280, 512, 1]",TRUE,20,1000,0.001,onecyclelr,0.8,adamw,"(0.9, 0.999)",0.01,7,BCEWithLogitsLoss
Liu_07250817,mixnet_xl,0.833,0.833,19,"[320, 320, 2]","[320, 320, 2]","[0.2, 0.2, 0]","[0.9, 1.0]",128,2,0.5,1,"[1536, 512, 1]",TRUE,20,1000,0.001,onecyclelr,0.8,adamw,"(0.9, 0.999)",0.01,7,BCEWithLogitsLoss
Liu_07240050,tf_efficientnet_b0_ns,0.833,0.833,19,"[320, 320, 2]","[320, 320, 2]","[0.2, 0.2, 0]","[0.9, 1.0]",128,2,0.5,1,"[1280, 512, 1]",TRUE,20,1000,0.001,onecyclelr,0.8,adamw,"(0.9, 0.999)",0.01,7,BCEWithLogitsLoss
Liu_07240049,tf_efficientnet_b0_ns,0.833,0.833,19,"[320, 320, 2]","[320, 320, 2]","[0.2, 0.2, 0]","[0.9, 1.0]",128,2,0.5,1,"[1280, 512, 1]",TRUE,20,1000,0.001,onecyclelr,0.8,adamw,"(0.9, 0.999)",0.01,7,BCEWithLogitsLoss
Liu_07241237,tf_efficientnet_b0_ns,0.8307,0.8327,14,"[320, 320, 2]","[320, 320, 2]","[0.2, 0.2, 0]","[0.9, 1.0]",128,2,0.5,1,"[1280, 512, 1]",TRUE,20,1000,0.001,onecyclelr,0.8,adamw,"(0.9, 0.999)",0.01,7,Smooth_BCEloss_03
Liu_07240840,tf_efficientnet_b0_ns,0.8314,0.8326,14,"[320, 320, 2]","[320, 320, 2]","[0.2, 0.2, 0]","[0.9, 1.0]",128,2,0.5,1,"[1280, 512, 1]",TRUE,20,1000,0.001,onecyclelr,0.8,adamw,"(0.9, 0.999)",0.01,7,Smooth_BCEloss_02
Liu_07260329,tf_efficientnet_b0_ns,0.8326,0.8326,19,"[320, 320, 2]","[320, 320, 2]","[0.2, 0.2, 0]","[0.9, 1.0]",128,5,0.5,1,"[1280, 512, 1]",TRUE,20,1000,0.001,onecyclelr,0.8,adamw,"(0.9, 0.999)",0.01,7,BCEWithLogitsLoss
Liu_07241236,tf_efficientnet_b0_ns,0.8324,0.8325,17,"[320, 320, 2]","[320, 320, 2]","[0.2, 0.2, 0]","[0.9, 1.0]",128,2,0.5,1,"[1280, 1024, 1]",TRUE,20,1000,0.001,onecyclelr,0.8,adamw,"(0.9, 0.999)",0.01,7,BCEWithLogitsLoss
Liu_07230646,tf_efficientnet_b0_ns,0.8324,0.8324,19,"[320, 320, 2]","[320, 320, 2]","[0.2, 0.2, 0]","[0.9, 1.0]",128,2,0.5,1,"[1280, 512, 1]",TRUE,20,1000,0.001,onecyclelr,0.8,adamw,"(0.9, 0.999)",0.01,7,BCEWithLogitsLoss
Liu_07252048,seresnext26t_32x4d,0.8324,0.8324,19,"[320, 320, 2]","[320, 320, 2]","[0.2, 0.2, 0]","[0.9, 1.0]",128,2,0.5,1,"[2048, 512, 1]",TRUE,20,1000,0.001,onecyclelr,0.8,adamw,"(0.9, 0.999)",0.01,7,BCEWithLogitsLoss
Liu_07242024,tf_efficientnet_b0_ns,0.8324,0.8324,19,"[320, 320, 2]","[320, 320, 2]","[0.2, 0.2, 0]","[0.9, 1.0]",128,2,0.5,1,"[1280, 256, 256, 1]",TRUE,20,1000,0.001,onecyclelr,0.8,adamw,"(0.9, 0.999)",0.01,7,BCEWithLogitsLoss
Liu_07252336,tf_efficientnet_b0_ns,0.831,0.8321,15,"[320, 320, 2]","[320, 320, 2]","[0.2, 0.2, 0]","[0.9, 1.0]",128,1,0.5,1,"[1280, 512, 1]",TRUE,20,1000,0.001,onecyclelr,0.8,adamw,"(0.9, 0.999)",0.01,7,BCEWithLogitsLoss
Liu_07241630,tf_efficientnet_b0_ns,0.8316,0.8318,18,"[320, 320, 2]","[320, 320, 2]","[0.2, 0.2, 0]","[0.9, 1.0]",128,2,0.5,1,"[1280, 128, 128, 1]",TRUE,20,1000,0.001,onecyclelr,0.8,adamw,"(0.9, 0.999)",0.01,7,BCEWithLogitsLoss
Liu_07250803,tf_efficientnet_b0_ns,0.8317,0.8317,19,"[320, 320, 2]","[320, 320, 2]","[0.2, 0.2, 0]","[0.9, 1.0]",128,2,0.5,1,"[1280, 128, 128, 128, 1]",TRUE,20,1000,0.001,onecyclelr,0.8,adamw,"(0.9, 0.999)",0.01,7,BCEWithLogitsLoss
Liu_07250410,tf_efficientnet_b0_ns,0.8313,0.8316,17,"[320, 320, 2]","[320, 320, 2]","[0.2, 0.2, 0]","[0.9, 1.0]",128,2,0.5,1,"[1280, 1024, 1024, 1]",TRUE,20,1000,0.001,onecyclelr,0.8,adamw,"(0.9, 0.999)",0.01,7,BCEWithLogitsLoss
Liu_07251549,tf_efficientnet_b0_ns,0.8311,0.8316,16,"[320, 320, 2]","[320, 320, 2]","[0.2, 0.2, 0]","[0.9, 1.0]",128,2,0.5,1,"[1280, 512, 512, 512, 1]",TRUE,20,1000,0.001,onecyclelr,0.8,adamw,"(0.9, 0.999)",0.01,7,BCEWithLogitsLoss
Liu_07240444,tf_efficientnet_b0_ns,0.8312,0.8315,16,"[320, 320, 2]","[320, 320, 2]","[0.2, 0.2, 0]","[0.9, 1.0]",128,2,0.5,1,"[1280, 512, 1]",TRUE,20,1000,0.001,onecyclelr,0.8,adamw,"(0.9, 0.999)",0.01,7,Smooth_BCEloss_01
Liu_07250024,tf_efficientnet_b0_ns,0.8293,0.8312,14,"[320, 320, 2]","[320, 320, 2]","[0.2, 0.2, 0]","[0.9, 1.0]",128,2,0.5,1,"[1280, 512, 1]",TRUE,20,1000,0.001,onecyclelr,0.8,adamw,"(0.9, 0.999)",0.01,7,BCEFocal_loss_03
Liu_07240839,tf_efficientnet_b0_ns,0.8312,0.8312,19,"[320, 320, 2]","[320, 320, 2]","[0.2, 0.2, 0]","[0.9, 1.0]",128,2,0.5,1,"[1280, 256, 1]",TRUE,20,1000,0.001,onecyclelr,0.8,adamw,"(0.9, 0.999)",0.01,7,BCEWithLogitsLoss
Liu_07250017,tf_efficientnet_b0_ns,0.8305,0.8311,17,"[320, 320, 2]","[320, 320, 2]","[0.2, 0.2, 0]","[0.9, 1.0]",128,2,0.5,1,"[1280, 512, 512, 1]",TRUE,20,1000,0.001,onecyclelr,0.8,adamw,"(0.9, 0.999)",0.01,7,BCEWithLogitsLoss
Liu_07231041,tf_efficientnet_b0_ns,0.831,0.831,19,"[320, 320, 2]","[320, 320, 2]","[0.2, 0.2, 0]","[0.9, 1.0]",128,2,0.8,1,"[1280, 512, 1]",TRUE,20,1000,0.001,onecyclelr,0.8,adamw,"(0.9, 0.999)",0.01,7,BCEWithLogitsLoss
Liu_07240039,tf_efficientnet_b0_ns,0.8304,0.831,17,"[320, 320, 2]","[320, 320, 2]","[0.2, 0.2, 0]","[0.9, 1.0]",128,2,0.5,1,"[1280, 512, 1]",TRUE,20,1000,0.001,onecyclelr,0.8,adamw,"(0.9, 0.999)",0.01,7,BCEWithLogitsLoss
Liu_07240050,tf_efficientnet_b0_ns,0.8304,0.831,17,"[320, 320, 2]","[320, 320, 2]","[0.2, 0.2, 0]","[0.9, 1.0]",128,2,0.5,1,"[1280, 512, 1]",TRUE,20,1000,0.001,onecyclelr,0.8,adamw,"(0.9, 0.999)",0.01,7,BCEWithLogitsLoss
Liu_07240049,tf_efficientnet_b0_ns,0.8304,0.831,17,"[320, 320, 2]","[320, 320, 2]","[0.2, 0.2, 0]","[0.9, 1.0]",128,2,0.5,1,"[1280, 512, 1]",TRUE,20,1000,0.001,onecyclelr,0.8,adamw,"(0.9, 0.999)",0.01,7,BCEWithLogitsLoss
Liu_07230252,tf_efficientnet_b0_ns,0.8309,0.8309,19,"[320, 320, 2]","[320, 320, 2]","[0.2, 0.2, 0]","[0.9, 1.0]",128,2,0.2,1,"[1280, 512, 1]",TRUE,20,1000,0.001,onecyclelr,0.8,adamw,"(0.9, 0.999)",0.01,7,BCEWithLogitsLoss
Liu_07260329,tf_efficientnet_b0_ns,0.8309,0.8309,19,"[320, 320, 2]","[320, 320, 2]","[0.2, 0.2, 0]","[0.9, 1.0]",128,5,0.5,1,"[1280, 512, 1]",TRUE,20,1000,0.001,onecyclelr,0.8,adamw,"(0.9, 0.999)",0.01,7,BCEWithLogitsLoss
Liu_07241237,tf_efficientnet_b0_ns,0.8307,0.8307,19,"[320, 320, 2]","[320, 320, 2]","[0.2, 0.2, 0]","[0.9, 1.0]",128,2,0.5,1,"[1280, 512, 1]",TRUE,20,1000,0.001,onecyclelr,0.8,adamw,"(0.9, 0.999)",0.01,7,Smooth_BCEloss_03
Liu_07231454,tf_efficientnet_b0_ns,0.8303,0.8306,15,"[320, 320, 2]","[320, 320, 2]","[0.2, 0.2, 0]","[0.9, 1.0]",128,2,0,1,"[None, 512, 1]",FALSE,20,1000,0.001,onecyclelr,0.8,adamw,"(0.9, 0.999)",0.01,7,BCEWithLogitsLoss
Liu_07241633,tf_efficientnet_b0_ns,0.8298,0.8306,16,"[320, 320, 2]","[320, 320, 2]","[0.2, 0.2, 0]","[0.9, 1.0]",128,2,0.5,1,"[1280, 512, 1]",TRUE,20,1000,0.001,onecyclelr,0.8,adamw,"(0.9, 0.999)",0.01,7,BCEFocal_loss_01
Liu_07242028,tf_efficientnet_b0_ns,0.8295,0.8306,16,"[320, 320, 2]","[320, 320, 2]","[0.2, 0.2, 0]","[0.9, 1.0]",128,2,0.5,1,"[1280, 512, 1]",TRUE,20,1000,0.001,onecyclelr,0.8,adamw,"(0.9, 0.999)",0.01,7,BCEFocal_loss_02
Liu_07251549,tf_efficientnet_b0_ns,0.8303,0.8306,17,"[320, 320, 2]","[320, 320, 2]","[0.2, 0.2, 0]","[0.9, 1.0]",128,2,0.5,1,"[1280, 512, 512, 512, 1]",TRUE,20,1000,0.001,onecyclelr,0.8,adamw,"(0.9, 0.999)",0.01,7,BCEWithLogitsLoss
Liu_07242024,tf_efficientnet_b0_ns,0.8305,0.8305,19,"[320, 320, 2]","[320, 320, 2]","[0.2, 0.2, 0]","[0.9, 1.0]",128,2,0.5,1,"[1280, 256, 256, 1]",TRUE,20,1000,0.001,onecyclelr,0.8,adamw,"(0.9, 0.999)",0.01,7,BCEWithLogitsLoss
Liu_07260721,tf_efficientnet_b0_ns,0.83,0.8304,16,"[320, 320, 2]","[320, 320, 2]","[0.2, 0.2, 0]","[0.9, 1.0]",128,10,0.5,1,"[1280, 512, 1]",TRUE,20,1000,0.001,onecyclelr,0.8,adamw,"(0.9, 0.999)",0.01,7,BCEWithLogitsLoss
Liu_07251627,swin_base_patch4_window12_384,0.8293,0.83,12,"[384, 384, 2]","[384, 384, 2]","[0.2, 0.2, 0]","[0.9, 1.0]",56,2,0.5,1,"[1024, 512, 1]",TRUE,15,1000,0.001,onecyclelr,0.8,sgd,"(0.9, 0.999)",0,7,BCEWithLogitsLoss
Liu_07252048,seresnext26t_32x4d,0.8299,0.8299,19,"[320, 320, 2]","[320, 320, 2]","[0.2, 0.2, 0]","[0.9, 1.0]",128,2,0.5,1,"[2048, 512, 1]",TRUE,20,1000,0.001,onecyclelr,0.8,adamw,"(0.9, 0.999)",0.01,7,BCEWithLogitsLoss
Liu_07240840,tf_efficientnet_b0_ns,0.8285,0.8298,14,"[320, 320, 2]","[320, 320, 2]","[0.2, 0.2, 0]","[0.9, 1.0]",128,2,0.5,1,"[1280, 512, 1]",TRUE,20,1000,0.001,onecyclelr,0.8,adamw,"(0.9, 0.999)",0.01,7,Smooth_BCEloss_02
Liu_07241237,tf_efficientnet_b0_ns,0.8296,0.8296,19,"[320, 320, 2]","[320, 320, 2]","[0.2, 0.2, 0]","[0.9, 1.0]",128,2,0.5,1,"[1280, 512, 1]",TRUE,20,1000,0.001,onecyclelr,0.8,adamw,"(0.9, 0.999)",0.01,7,Smooth_BCEloss_03
Liu_07241633,tf_efficientnet_b0_ns,0.8294,0.8295,16,"[320, 320, 2]","[320, 320, 2]","[0.2, 0.2, 0]","[0.9, 1.0]",128,2,0.5,1,"[1280, 512, 1]",TRUE,20,1000,0.001,onecyclelr,0.8,adamw,"(0.9, 0.999)",0.01,7,BCEFocal_loss_01
Liu_07240839,tf_efficientnet_b0_ns,0.8292,0.8295,17,"[320, 320, 2]","[320, 320, 2]","[0.2, 0.2, 0]","[0.9, 1.0]",128,2,0.5,1,"[1280, 256, 1]",TRUE,20,1000,0.001,onecyclelr,0.8,adamw,"(0.9, 0.999)",0.01,7,BCEWithLogitsLoss
Liu_07250817,mixnet_xl,0.8287,0.8289,18,"[320, 320, 2]","[320, 320, 2]","[0.2, 0.2, 0]","[0.9, 1.0]",128,2,0.5,1,"[1536, 512, 1]",TRUE,20,1000,0.001,onecyclelr,0.8,adamw,"(0.9, 0.999)",0.01,7,BCEWithLogitsLoss
Liu_07251611,mobilenetv2_120d,0.8276,0.8288,18,"[320, 320, 2]","[320, 320, 2]","[0.2, 0.2, 0]","[0.9, 1.0]",128,2,0.5,1,"[1280, 512, 1]",TRUE,20,1000,0.001,onecyclelr,0.8,adamw,"(0.9, 0.999)",0.01,7,BCEWithLogitsLoss
Liu_07260721,tf_efficientnet_b0_ns,0.8283,0.8283,19,"[320, 320, 2]","[320, 320, 2]","[0.2, 0.2, 0]","[0.9, 1.0]",128,10,0.5,1,"[1280, 512, 1]",TRUE,20,1000,0.001,onecyclelr,0.8,adamw,"(0.9, 0.999)",0.01,7,BCEWithLogitsLoss
Liu_07250024,tf_efficientnet_b0_ns,0.8261,0.8282,13,"[320, 320, 2]","[320, 320, 2]","[0.2, 0.2, 0]","[0.9, 1.0]",128,2,0.5,1,"[1280, 512, 1]",TRUE,20,1000,0.001,onecyclelr,0.8,adamw,"(0.9, 0.999)",0.01,7,BCEFocal_loss_03
Liu_07250024,tf_efficientnet_b0_ns,0.8282,0.8282,19,"[320, 320, 2]","[320, 320, 2]","[0.2, 0.2, 0]","[0.9, 1.0]",128,2,0.5,1,"[1280, 512, 1]",TRUE,20,1000,0.001,onecyclelr,0.8,adamw,"(0.9, 0.999)",0.01,7,BCEFocal_loss_03
Liu_07260329,tf_efficientnet_b0_ns,0.8279,0.8279,16,"[320, 320, 2]","[320, 320, 2]","[0.2, 0.2, 0]","[0.9, 1.0]",128,5,0.5,1,"[1280, 512, 1]",TRUE,20,1000,0.001,onecyclelr,0.8,adamw,"(0.9, 0.999)",0.01,7,BCEWithLogitsLoss
Liu_07242028,tf_efficientnet_b0_ns,0.8274,0.8278,18,"[320, 320, 2]","[320, 320, 2]","[0.2, 0.2, 0]","[0.9, 1.0]",128,2,0.5,1,"[1280, 512, 1]",TRUE,20,1000,0.001,onecyclelr,0.8,adamw,"(0.9, 0.999)",0.01,7,BCEFocal_loss_02
Liu_07251942,tf_efficientnet_b0_ns,0.8273,0.8277,17,"[320, 320, 2]","[320, 320, 2]","[0.2, 0.2, 0]","[0.9, 1.0]",128,2,0.5,1,"[1280, 1024, 1024, 1024, 1]",TRUE,20,1000,0.001,onecyclelr,0.8,adamw,"(0.9, 0.999)",0.01,7,BCEWithLogitsLoss
Liu_07241630,tf_efficientnet_b0_ns,0.827,0.8276,15,"[320, 320, 2]","[320, 320, 2]","[0.2, 0.2, 0]","[0.9, 1.0]",128,2,0.5,1,"[1280, 128, 128, 1]",TRUE,20,1000,0.001,onecyclelr,0.8,adamw,"(0.9, 0.999)",0.01,7,BCEWithLogitsLoss
Liu_07260928,rexnet_130,0.8271,0.8275,16,"[320, 320, 2]","[320, 320, 2]","[0.2, 0.2, 0]","[0.9, 1.0]",128,2,0.5,1,"[1664, 512, 1]",TRUE,20,1000,0.001,onecyclelr,0.8,adamw,"(0.9, 0.999)",0.01,7,BCEWithLogitsLoss
Liu_07240840,tf_efficientnet_b0_ns,0.8262,0.8275,16,"[320, 320, 2]","[320, 320, 2]","[0.2, 0.2, 0]","[0.9, 1.0]",128,2,0.5,1,"[1280, 512, 1]",TRUE,20,1000,0.001,onecyclelr,0.8,adamw,"(0.9, 0.999)",0.01,7,Smooth_BCEloss_02
Liu_07260928,rexnet_130,0.8274,0.8274,19,"[320, 320, 2]","[320, 320, 2]","[0.2, 0.2, 0]","[0.9, 1.0]",128,2,0.5,1,"[1664, 512, 1]",TRUE,20,1000,0.001,onecyclelr,0.8,adamw,"(0.9, 0.999)",0.01,7,BCEWithLogitsLoss
Liu_07241236,tf_efficientnet_b0_ns,0.8265,0.8274,16,"[320, 320, 2]","[320, 320, 2]","[0.2, 0.2, 0]","[0.9, 1.0]",128,2,0.5,1,"[1280, 1024, 1]",TRUE,20,1000,0.001,onecyclelr,0.8,adamw,"(0.9, 0.999)",0.01,7,BCEWithLogitsLoss
Liu_07250017,tf_efficientnet_b0_ns,0.8274,0.8274,19,"[320, 320, 2]","[320, 320, 2]","[0.2, 0.2, 0]","[0.9, 1.0]",128,2,0.5,1,"[1280, 512, 512, 1]",TRUE,20,1000,0.001,onecyclelr,0.8,adamw,"(0.9, 0.999)",0.01,7,BCEWithLogitsLoss
Liu_07250410,tf_efficientnet_b0_ns,0.8272,0.8274,17,"[320, 320, 2]","[320, 320, 2]","[0.2, 0.2, 0]","[0.9, 1.0]",128,2,0.5,1,"[1280, 1024, 1024, 1]",TRUE,20,1000,0.001,onecyclelr,0.8,adamw,"(0.9, 0.999)",0.01,7,BCEWithLogitsLoss
Liu_07252336,tf_efficientnet_b0_ns,0.8273,0.8274,16,"[320, 320, 2]","[320, 320, 2]","[0.2, 0.2, 0]","[0.9, 1.0]",128,1,0.5,1,"[1280, 512, 1]",TRUE,20,1000,0.001,onecyclelr,0.8,adamw,"(0.9, 0.999)",0.01,7,BCEWithLogitsLoss
Liu_07231454,tf_efficientnet_b0_ns,0.8244,0.8268,14,"[320, 320, 2]","[320, 320, 2]","[0.2, 0.2, 0]","[0.9, 1.0]",128,2,0,1,"[None, 512, 1]",FALSE,20,1000,0.001,onecyclelr,0.8,adamw,"(0.9, 0.999)",0.01,7,BCEWithLogitsLoss
Liu_07240444,tf_efficientnet_b0_ns,0.8265,0.8267,15,"[320, 320, 2]","[320, 320, 2]","[0.2, 0.2, 0]","[0.9, 1.0]",128,2,0.5,1,"[1280, 512, 1]",TRUE,20,1000,0.001,onecyclelr,0.8,adamw,"(0.9, 0.999)",0.01,7,Smooth_BCEloss_01
Liu_07240444,tf_efficientnet_b0_ns,0.8266,0.8266,16,"[320, 320, 2]","[320, 320, 2]","[0.2, 0.2, 0]","[0.9, 1.0]",128,2,0.5,1,"[1280, 128, 1]",TRUE,20,1000,0.001,onecyclelr,0.8,adamw,"(0.9, 0.999)",0.01,7,BCEWithLogitsLoss
Liu_07241630,tf_efficientnet_b0_ns,0.8236,0.8259,15,"[320, 320, 2]","[320, 320, 2]","[0.2, 0.2, 0]","[0.9, 1.0]",128,2,0.5,1,"[1280, 128, 128, 1]",TRUE,20,1000,0.001,onecyclelr,0.8,adamw,"(0.9, 0.999)",0.01,7,BCEWithLogitsLoss
Liu_07242341,tf_efficientnet_b0_ns,0.8253,0.8258,17,"[320, 320, 2]","[320, 320, 2]","[0.2, 0.2, 0]","[0.9, 1.0]",128,2,0.5,2,"[1280, 512, 1]",TRUE,20,1000,0.001,onecyclelr,0.8,adamw,"(0.9, 0.999)",0.01,7,BCEWithLogitsLoss
Liu_07252336,tf_efficientnet_b0_ns,0.8256,0.8256,19,"[320, 320, 2]","[320, 320, 2]","[0.2, 0.2, 0]","[0.9, 1.0]",128,1,0.5,1,"[1280, 512, 1]",TRUE,20,1000,0.001,onecyclelr,0.8,adamw,"(0.9, 0.999)",0.01,7,BCEWithLogitsLoss
Liu_07251156,tf_efficientnet_b0_ns,0.8241,0.8251,15,"[320, 320, 2]","[320, 320, 2]","[0.2, 0.2, 0]","[0.9, 1.0]",128,2,0.5,1,"[1280, 256, 256, 256, 1]",TRUE,20,1000,0.001,onecyclelr,0.8,adamw,"(0.9, 0.999)",0.01,7,BCEWithLogitsLoss
Liu_07250803,tf_efficientnet_b0_ns,0.8244,0.8244,19,"[320, 320, 2]","[320, 320, 2]","[0.2, 0.2, 0]","[0.9, 1.0]",128,2,0.5,1,"[1280, 128, 128, 128, 1]",TRUE,20,1000,0.001,onecyclelr,0.8,adamw,"(0.9, 0.999)",0.01,7,BCEWithLogitsLoss
Liu_07231454,tf_efficientnet_b0_ns,0.822,0.8243,17,"[320, 320, 2]","[320, 320, 2]","[0.2, 0.2, 0]","[0.9, 1.0]",128,2,0,1,"[None, 512, 1]",FALSE,20,1000,0.001,onecyclelr,0.8,adamw,"(0.9, 0.999)",0.01,7,BCEWithLogitsLoss
Liu_07231454,tf_efficientnet_b0_ns,0.8242,0.8242,19,"[320, 320, 2]","[320, 320, 2]","[0.2, 0.2, 0]","[0.9, 1.0]",128,2,0,1,"[None, 512, 1]",FALSE,20,1000,0.001,onecyclelr,0.8,adamw,"(0.9, 0.999)",0.01,7,BCEWithLogitsLoss
Liu_07251549,tf_efficientnet_b0_ns,0.8225,0.824,18,"[320, 320, 2]","[320, 320, 2]","[0.2, 0.2, 0]","[0.9, 1.0]",128,2,0.5,1,"[1280, 512, 512, 512, 1]",TRUE,20,1000,0.001,onecyclelr,0.8,adamw,"(0.9, 0.999)",0.01,7,BCEWithLogitsLoss
Liu_07242341,tf_efficientnet_b0_ns,0.8228,0.8233,16,"[320, 320, 2]","[320, 320, 2]","[0.2, 0.2, 0]","[0.9, 1.0]",128,2,0.5,2,"[1280, 512, 1]",TRUE,20,1000,0.001,onecyclelr,0.8,adamw,"(0.9, 0.999)",0.01,7,BCEWithLogitsLoss
Liu_07241633,tf_efficientnet_b0_ns,0.8225,0.8233,13,"[320, 320, 2]","[320, 320, 2]","[0.2, 0.2, 0]","[0.9, 1.0]",128,2,0.5,1,"[1280, 512, 1]",TRUE,20,1000,0.001,onecyclelr,0.8,adamw,"(0.9, 0.999)",0.01,7,BCEFocal_loss_01
Liu_07251611,mobilenetv2_120d,0.8223,0.8229,18,"[320, 320, 2]","[320, 320, 2]","[0.2, 0.2, 0]","[0.9, 1.0]",128,2,0.5,1,"[1280, 512, 1]",TRUE,20,1000,0.001,onecyclelr,0.8,adamw,"(0.9, 0.999)",0.01,7,BCEWithLogitsLoss
Liu_07231454,tf_efficientnet_b0_ns,0.8223,0.8228,14,"[320, 320, 2]","[320, 320, 2]","[0.2, 0.2, 0]","[0.9, 1.0]",128,2,0,1,"[None, 512, 1]",FALSE,20,1000,0.001,onecyclelr,0.8,adamw,"(0.9, 0.999)",0.01,7,BCEWithLogitsLoss
Liu_07250803,tf_efficientnet_b0_ns,0.8221,0.8225,18,"[320, 320, 2]","[320, 320, 2]","[0.2, 0.2, 0]","[0.9, 1.0]",128,2,0.5,1,"[1280, 128, 128, 128, 1]",TRUE,20,1000,0.001,onecyclelr,0.8,adamw,"(0.9, 0.999)",0.01,7,BCEWithLogitsLoss
Liu_07242341,tf_efficientnet_b0_ns,0.8215,0.8224,15,"[320, 320, 2]","[320, 320, 2]","[0.2, 0.2, 0]","[0.9, 1.0]",128,2,0.5,2,"[1280, 512, 1]",TRUE,20,1000,0.001,onecyclelr,0.8,adamw,"(0.9, 0.999)",0.01,7,BCEWithLogitsLoss
Liu_07242341,tf_efficientnet_b0_ns,0.8206,0.8206,14,"[320, 320, 2]","[320, 320, 2]","[0.2, 0.2, 0]","[0.9, 1.0]",128,2,0.5,2,"[1280, 512, 1]",TRUE,20,1000,0.001,onecyclelr,0.8,adamw,"(0.9, 0.999)",0.01,7,BCEWithLogitsLoss
Liu_07260928,rexnet_130,0.8195,0.8195,19,"[320, 320, 2]","[320, 320, 2]","[0.2, 0.2, 0]","[0.9, 1.0]",128,2,0.5,1,"[1664, 512, 1]",TRUE,20,1000,0.001,onecyclelr,0.8,adamw,"(0.9, 0.999)",0.01,7,BCEWithLogitsLoss
Liu_07260928,rexnet_130,0.819,0.8193,15,"[320, 320, 2]","[320, 320, 2]","[0.2, 0.2, 0]","[0.9, 1.0]",128,2,0.5,1,"[1664, 512, 1]",TRUE,20,1000,0.001,onecyclelr,0.8,adamw,"(0.9, 0.999)",0.01,7,BCEWithLogitsLoss
Liu_07251611,mobilenetv2_120d,0.819,0.819,19,"[320, 320, 2]","[320, 320, 2]","[0.2, 0.2, 0]","[0.9, 1.0]",128,2,0.5,1,"[1280, 512, 1]",TRUE,20,1000,0.001,onecyclelr,0.8,adamw,"(0.9, 0.999)",0.01,7,BCEWithLogitsLoss
Liu_07242341,tf_efficientnet_b0_ns,0.8135,0.8154,17,"[320, 320, 2]","[320, 320, 2]","[0.2, 0.2, 0]","[0.9, 1.0]",128,2,0.5,2,"[1280, 512, 1]",TRUE,20,1000,0.001,onecyclelr,0.8,adamw,"(0.9, 0.999)",0.01,7,BCEWithLogitsLoss
Liu_07211035,vit_base_patch16_384,0.811,0.8113,8,"[384, 384, 2]","[384, 384, 2]","[0.2, 0.2, 0]","[0.9, 1.0]",32,2,0,1,"[768, 512, 1]",TRUE,10,1000,1.00E-05,onecyclelr,0.9,adam,"(0.9, 0.999)",0,1,BCEWithLogitsLoss
Liu_07201630,vit_base_patch16_384,0.8094,0.8094,7,"[384, 384, 2]","[384, 384, 2]","[0.2, 0.2, 0]","[0.9, 1.0]",32,2,0,1,"[768, 512, 1]",TRUE,10,1000,0.003,onecyclelr,0.9,sgd,"(0.9, 0.999)",0,1,BCEWithLogitsLoss
Liu_07250538,tf_efficientnet_b0_ns,0.8077,0.8078,15,"[320, 320, 2]","[320, 320, 2]","[0.2, 0.2, 0]","[0.9, 1.0]",128,2,0.2,6,"[1280, 512, 1]",TRUE,20,1000,0.001,onecyclelr,0.8,adamw,"(0.9, 0.999)",0.01,7,BCEWithLogitsLoss
Liu_07201830,vit_base_patch16_384,0.8066,0.807,7,"[384, 384, 2]","[384, 384, 2]","[0.2, 0.2, 0]","[0.9, 1.0]",32,2,0,1,"[768, 512, 1]",TRUE,10,1000,0.001,onecyclelr,0.9,sgd,"(0.9, 0.999)",0,1,BCEWithLogitsLoss
Liu_07210830,vit_base_patch16_384,0.8063,0.8063,9,"[384, 384, 2]","[384, 384, 2]","[0.2, 0.2, 0]","[0.9, 1.0]",32,2,0,1,"[768, 512, 1]",TRUE,10,1000,3.00E-05,onecyclelr,0.9,adam,"(0.9, 0.999)",0,1,BCEWithLogitsLoss
Liu_07201115,tf_efficientnet_b4_ns,0.8036,0.8041,17,"[928, 928, 2]","[832, 832, 2]","[0.2, 0.2, 0]","[0.9, 1.0]",16,2,0,1,"[1792, 512, 1]",TRUE,20,1000,0.001,onecyclelr,0.8,adamw,"(0.9, 0.999)",0.01,1,BCEWithLogitsLoss
Liu_07251456,tf_efficientnet_b0_ns,0.802,0.8025,17,"[320, 320, 2]","[320, 320, 2]","[0.2, 0.2, 0]","[0.9, 1.0]",128,2,0.5,3,"[1280, 512, 1]",TRUE,20,1000,0.001,onecyclelr,0.8,adamw,"(0.9, 0.999)",0.01,7,BCEWithLogitsLoss
Liu_07201128,tf_efficientnet_b4_ns,0.802,0.802,9,"[928, 928, 2]","[832, 832, 2]","[0.2, 0.2, 0]","[0.9, 1.0]",16,2,0,1,"[1792, 512, 1]",TRUE,10,1000,0.001,onecyclelr,0.8,adamw,"(0.9, 0.999)",0.01,1,BCEWithLogitsLoss
Liu_07250538,tf_efficientnet_b0_ns,0.8006,0.8006,19,"[320, 320, 2]","[320, 320, 2]","[0.2, 0.2, 0]","[0.9, 1.0]",128,2,0.2,6,"[1280, 512, 1]",TRUE,20,1000,0.001,onecyclelr,0.8,adamw,"(0.9, 0.999)",0.01,7,BCEWithLogitsLoss
Liu_07251456,tf_efficientnet_b0_ns,0.7994,0.8,14,"[320, 320, 2]","[320, 320, 2]","[0.2, 0.2, 0]","[0.9, 1.0]",128,2,0.5,3,"[1280, 512, 1]",TRUE,20,1000,0.001,onecyclelr,0.8,adamw,"(0.9, 0.999)",0.01,7,BCEWithLogitsLoss
Liu_07251456,tf_efficientnet_b0_ns,0.7977,0.7996,15,"[320, 320, 2]","[320, 320, 2]","[0.2, 0.2, 0]","[0.9, 1.0]",128,2,0.5,3,"[1280, 512, 1]",TRUE,20,1000,0.001,onecyclelr,0.8,adamw,"(0.9, 0.999)",0.01,7,BCEWithLogitsLoss
Liu_07251456,tf_efficientnet_b0_ns,0.7959,0.796,17,"[320, 320, 2]","[320, 320, 2]","[0.2, 0.2, 0]","[0.9, 1.0]",128,2,0.5,3,"[1280, 512, 1]",TRUE,20,1000,0.001,onecyclelr,0.8,adamw,"(0.9, 0.999)",0.01,7,BCEWithLogitsLoss
Liu_07250538,tf_efficientnet_b0_ns,0.7923,0.7929,17,"[320, 320, 2]","[320, 320, 2]","[0.2, 0.2, 0]","[0.9, 1.0]",128,2,0.2,6,"[1280, 512, 1]",TRUE,20,1000,0.001,onecyclelr,0.8,adamw,"(0.9, 0.999)",0.01,7,BCEWithLogitsLoss
Liu_07202030,vit_base_patch16_384,0.7886,0.789,8,"[384, 384, 2]","[384, 384, 2]","[0.2, 0.2, 0]","[0.9, 1.0]",32,2,0,1,"[768, 512, 1]",TRUE,10,1000,0.0003,onecyclelr,0.9,sgd,"(0.9, 0.999)",0,1,BCEWithLogitsLoss
Liu_07210625,vit_base_patch16_384,0.7866,0.7866,9,"[384, 384, 2]","[384, 384, 2]","[0.2, 0.2, 0]","[0.9, 1.0]",32,2,0,1,"[768, 512, 1]",TRUE,10,1000,0.0001,onecyclelr,0.9,adam,"(0.9, 0.999)",0,1,BCEWithLogitsLoss
Liu_07251456,tf_efficientnet_b0_ns,0.7833,0.7864,17,"[320, 320, 2]","[320, 320, 2]","[0.2, 0.2, 0]","[0.9, 1.0]",128,2,0.5,3,"[1280, 512, 1]",TRUE,20,1000,0.001,onecyclelr,0.8,adamw,"(0.9, 0.999)",0.01,7,BCEWithLogitsLoss
Liu_07250538,tf_efficientnet_b0_ns,0.7845,0.7852,14,"[320, 320, 2]","[320, 320, 2]","[0.2, 0.2, 0]","[0.9, 1.0]",128,2,0.2,6,"[1280, 512, 1]",TRUE,20,1000,0.001,onecyclelr,0.8,adamw,"(0.9, 0.999)",0.01,7,BCEWithLogitsLoss
Liu_07250538,tf_efficientnet_b0_ns,0.7804,0.7832,15,"[320, 320, 2]","[320, 320, 2]","[0.2, 0.2, 0]","[0.9, 1.0]",128,2,0.2,6,"[1280, 512, 1]",TRUE,20,1000,0.001,onecyclelr,0.8,adamw,"(0.9, 0.999)",0.01,7,BCEWithLogitsLoss
Liu_07202229,vit_base_patch16_384,0.7698,0.7698,9,"[384, 384, 2]","[384, 384, 2]","[0.2, 0.2, 0]","[0.9, 1.0]",32,2,0,1,"[768, 512, 1]",TRUE,10,1000,0.0001,onecyclelr,0.9,sgd,"(0.9, 0.999)",0,1,BCEWithLogitsLoss
Liu_07240041,tf_efficientnet_b0_ns,0.7628,0.7628,0,"[928, 928, 2]","[832, 832, 2]","[0.2, 0.2, 0]","[0.9, 1.0]",44,2,0.5,1,"[1280, 512, 1]",TRUE,20,1000,0.001,onecyclelr,0.8,adamw,"(0.9, 0.999)",0.01,1,Smooth_BCEloss_01
Liu_07210030,vit_base_patch16_384,0.711,0.711,9,"[384, 384, 2]","[384, 384, 2]","[0.2, 0.2, 0]","[0.9, 1.0]",32,2,0,1,"[768, 512, 1]",TRUE,10,1000,3.00E-05,onecyclelr,0.9,sgd,"(0.9, 0.999)",0,1,BCEWithLogitsLoss
Liu_07210420,vit_base_patch16_384,0.6542,0.6542,9,"[384, 384, 2]","[384, 384, 2]","[0.2, 0.2, 0]","[0.9, 1.0]",32,2,0,1,"[768, 512, 1]",TRUE,10,1000,0.0003,onecyclelr,0.9,adam,"(0.9, 0.999)",0,1,BCEWithLogitsLoss
Liu_07241816,hrnet_w18,0.5052,0.5835,0,"[320, 320, 2]","[320, 320, 2]","[0.2, 0.2, 0]","[0.9, 1.0]",128,2,0.5,1,"[2048, 512, 1]",TRUE,20,1000,0.001,onecyclelr,0.8,adamw,"(0.9, 0.999)",0.01,7,BCEWithLogitsLoss
Liu_07210230,vit_base_patch16_384,0.5694,0.5695,8,"[384, 384, 2]","[384, 384, 2]","[0.2, 0.2, 0]","[0.9, 1.0]",32,2,0,1,"[768, 512, 1]",TRUE,10,1000,1.00E-05,onecyclelr,0.9,sgd,"(0.9, 0.999)",0,1,BCEWithLogitsLoss
Liu_07210216,vit_base_patch16_384,0.491,0.556,0,"[384, 384, 2]","[384, 384, 2]","[0.2, 0.2, 0]","[0.9, 1.0]",32,2,0,1,"[768, 512, 1]",TRUE,10,1000,0.001,onecyclelr,0.9,adam,"(0.9, 0.999)",0,1,BCEWithLogitsLoss
Liu_07260253,dpn68b,0.5138,0.5328,0,"[320, 320, 2]","[320, 320, 2]","[0.2, 0.2, 0]","[0.9, 1.0]",128,2,0.5,1,"[832, 512, 1]",TRUE,20,1000,0.001,onecyclelr,0.8,adamw,"(0.9, 0.999)",0.01,7,BCEWithLogitsLoss
Liu_07210012,vit_base_patch16_384,0.5141,0.5291,0,"[384, 384, 2]","[384, 384, 2]","[0.2, 0.2, 0]","[0.9, 1.0]",32,2,0,1,"[768, 512, 1]",TRUE,10,1000,0.003,onecyclelr,0.9,adam,"(0.9, 0.999)",0,1,BCEWithLogitsLoss
Liu_07240019,resnet18d,0.5284,0.5284,0,"[224, 224, 2]","[224, 224, 2]","[0.2, 0.2, 0]","[0.9, 1.0]",128,2,0.5,1,"[512, 512, 1]",TRUE,20,1000,0.001,onecyclelr,0.8,adamw,"(0.9, 0.999)",0.01,7,BCEWithLogitsLoss
Liu_07240024,resnet18d,0.5284,0.5284,0,"[224, 224, 2]","[224, 224, 2]","[0.2, 0.2, 0]","[0.9, 1.0]",128,2,0.5,1,"[512, 512, 1]",TRUE,20,1000,0.001,onecyclelr,0.8,adamw,"(0.9, 0.999)",0.01,7,BCEWithLogitsLoss
Liu_07240030,resnet18d,0.5284,0.5284,0,"[224, 224, 2]","[224, 224, 2]","[0.2, 0.2, 0]","[0.9, 1.0]",128,2,0.5,1,"[512, 512, 1]",TRUE,20,1000,0.001,onecyclelr,0.8,adamw,"(0.9, 0.999)",0.01,7,BCEWithLogitsLoss
Liu_07240434,densenet121,0.5231,0.5265,13,"[320, 320, 2]","[320, 320, 2]","[0.2, 0.2, 0]","[0.9, 1.0]",128,2,0.5,1,"[1024, 512, 1]",TRUE,20,1000,0.001,onecyclelr,0.8,adamw,"(0.9, 0.999)",0.01,7,BCEWithLogitsLoss
Liu_07260253,dpn68b,0.5227,0.5257,15,"[320, 320, 2]","[320, 320, 2]","[0.2, 0.2, 0]","[0.9, 1.0]",128,2,0.5,1,"[832, 512, 1]",TRUE,20,1000,0.001,onecyclelr,0.8,adamw,"(0.9, 0.999)",0.01,7,BCEWithLogitsLoss
Liu_07241736,cait_xxs24_384,0.508,0.5216,6,"[384, 384, 2]","[384, 384, 2]","[0.2, 0.2, 0]","[0.9, 1.0]",64,2,0.5,1,"[192, 512, 1]",TRUE,15,1000,0.001,onecyclelr,0.8,sgd,"(0.9, 0.999)",0,7,BCEWithLogitsLoss
Liu_07240015,tf_efficientnet_b0_ns,0.5183,0.5183,0,"[384, 384, 2]","[384, 384, 2]","[0.2, 0.2, 0]","[0.9, 1.0]",64,2,0.5,1,"[1280, 512, 1]",TRUE,20,1000,0.001,onecyclelr,0.8,adamw,"(0.9, 0.999)",0.01,7,BCEWithLogitsLoss
Liu_07241112,skresnet34,0.5087,0.5165,14,"[320, 320, 2]","[320, 320, 2]","[0.2, 0.2, 0]","[0.9, 1.0]",128,2,0.5,1,"[512, 512, 1]",TRUE,20,1000,0.001,onecyclelr,0.8,adamw,"(0.9, 0.999)",0.01,7,BCEWithLogitsLoss
Liu_07241112,skresnet34,0.4871,0.5161,3,"[320, 320, 2]","[320, 320, 2]","[0.2, 0.2, 0]","[0.9, 1.0]",128,2,0.5,1,"[512, 512, 1]",TRUE,20,1000,0.001,onecyclelr,0.8,adamw,"(0.9, 0.999)",0.01,7,BCEWithLogitsLoss
Liu_07260253,dpn68b,0.5153,0.5153,19,"[320, 320, 2]","[320, 320, 2]","[0.2, 0.2, 0]","[0.9, 1.0]",128,2,0.5,1,"[832, 512, 1]",TRUE,20,1000,0.001,onecyclelr,0.8,adamw,"(0.9, 0.999)",0.01,7,BCEWithLogitsLoss
Liu_07260253,dpn68b,0.4899,0.5152,7,"[320, 320, 2]","[320, 320, 2]","[0.2, 0.2, 0]","[0.9, 1.0]",128,2,0.5,1,"[832, 512, 1]",TRUE,20,1000,0.001,onecyclelr,0.8,adamw,"(0.9, 0.999)",0.01,7,BCEWithLogitsLoss
Liu_07240434,densenet121,0.4999,0.515,7,"[320, 320, 2]","[320, 320, 2]","[0.2, 0.2, 0]","[0.9, 1.0]",128,2,0.5,1,"[1024, 512, 1]",TRUE,20,1000,0.001,onecyclelr,0.8,adamw,"(0.9, 0.999)",0.01,7,BCEWithLogitsLoss
Liu_07240434,densenet121,0.5052,0.515,7,"[320, 320, 2]","[320, 320, 2]","[0.2, 0.2, 0]","[0.9, 1.0]",128,2,0.5,1,"[1024, 512, 1]",TRUE,20,1000,0.001,onecyclelr,0.8,adamw,"(0.9, 0.999)",0.01,7,BCEWithLogitsLoss
Liu_07241112,skresnet34,0.4901,0.5149,2,"[320, 320, 2]","[320, 320, 2]","[0.2, 0.2, 0]","[0.9, 1.0]",128,2,0.5,1,"[512, 512, 1]",TRUE,20,1000,0.001,onecyclelr,0.8,adamw,"(0.9, 0.999)",0.01,7,BCEWithLogitsLoss
Liu_07241112,skresnet34,0.4981,0.5148,6,"[320, 320, 2]","[320, 320, 2]","[0.2, 0.2, 0]","[0.9, 1.0]",128,2,0.5,1,"[512, 512, 1]",TRUE,20,1000,0.001,onecyclelr,0.8,adamw,"(0.9, 0.999)",0.01,7,BCEWithLogitsLoss
Liu_07240852,cait_xxs24_384,0.5094,0.5135,1,"[384, 384, 2]","[384, 384, 2]","[0.2, 0.2, 0]","[0.9, 1.0]",64,2,0.5,1,"[192, 512, 1]",TRUE,15,1000,0.03,onecyclelr,0.8,sgd,"(0.9, 0.999)",0,7,BCEWithLogitsLoss
Liu_07241147,cait_xxs24_384,0.4976,0.5124,0,"[384, 384, 2]","[384, 384, 2]","[0.2, 0.2, 0]","[0.9, 1.0]",64,2,0.5,1,"[192, 512, 1]",TRUE,15,1000,0.01,onecyclelr,0.8,sgd,"(0.9, 0.999)",0,7,BCEWithLogitsLoss
Liu_07241442,cait_xxs24_384,0.4999,0.5119,1,"[384, 384, 2]","[384, 384, 2]","[0.2, 0.2, 0]","[0.9, 1.0]",64,2,0.5,1,"[192, 512, 1]",TRUE,15,1000,0.003,onecyclelr,0.8,sgd,"(0.9, 0.999)",0,7,BCEWithLogitsLoss
Liu_07242031,swin_base_patch4_window12_384,0.505,0.5107,6,"[384, 384, 2]","[384, 384, 2]","[0.2, 0.2, 0]","[0.9, 1.0]",56,2,0.5,1,"[1024, 512, 1]",TRUE,15,1000,0.001,onecyclelr,0.8,adamw,"(0.9, 0.999)",0.01,7,BCEWithLogitsLoss
Liu_07240434,densenet121,0.5045,0.5097,7,"[320, 320, 2]","[320, 320, 2]","[0.2, 0.2, 0]","[0.9, 1.0]",128,2,0.5,1,"[1024, 512, 1]",TRUE,20,1000,0.001,onecyclelr,0.8,adamw,"(0.9, 0.999)",0.01,7,BCEWithLogitsLoss
Liu_07260253,dpn68b,0.4951,0.5089,3,"[320, 320, 2]","[320, 320, 2]","[0.2, 0.2, 0]","[0.9, 1.0]",128,2,0.5,1,"[832, 512, 1]",TRUE,20,1000,0.001,onecyclelr,0.8,adamw,"(0.9, 0.999)",0.01,7,BCEWithLogitsLoss
Liu_07241112,skresnet34,0.5043,0.5085,14,"[320, 320, 2]","[320, 320, 2]","[0.2, 0.2, 0]","[0.9, 1.0]",128,2,0.5,1,"[512, 512, 1]",TRUE,20,1000,0.001,onecyclelr,0.8,adamw,"(0.9, 0.999)",0.01,7,BCEWithLogitsLoss
Liu_07240554,cait_xxs24_384,0.5057,0.5073,10,"[384, 384, 2]","[384, 384, 2]","[0.2, 0.2, 0]","[0.9, 1.0]",64,2,0.5,1,"[192, 512, 1]",TRUE,15,1000,0.001,onecyclelr,0.8,adamw,"(0.9, 0.999)",0.01,17,BCEWithLogitsLoss
Liu_07240004,resnet18d,0.5067,0.5067,0,"[384, 384, 2]","[384, 384, 2]","[0.2, 0.2, 0]","[0.9, 1.0]",64,2,0.5,1,"[512, 512, 1]",TRUE,20,1000,0.001,onecyclelr,0.8,adamw,"(0.9, 0.999)",0.01,7,BCEWithLogitsLoss
Liu_07240009,resnet18d,0.5067,0.5067,0,"[384, 384, 2]","[384, 384, 2]","[0.2, 0.2, 0]","[0.9, 1.0]",64,2,0.5,1,"[512, 512, 1]",TRUE,20,1000,0.001,onecyclelr,0.8,adamw,"(0.9, 0.999)",0.01,7,BCEWithLogitsLoss
Liu_07240434,densenet121,0.4859,0.5035,3,"[320, 320, 2]","[320, 320, 2]","[0.2, 0.2, 0]","[0.9, 1.0]",128,2,0.5,1,"[1024, 512, 1]",TRUE,20,1000,0.001,onecyclelr,0.8,adamw,"(0.9, 0.999)",0.01,7,BCEWithLogitsLoss
Liu_07240019,resnet18d,0.4951,0.4951,0,"[224, 224, 2]","[224, 224, 2]","[0.2, 0.2, 0]","[0.9, 1.0]",128,2,0.5,1,"[512, 512, 1]",TRUE,20,1000,0.001,onecyclelr,0.8,adamw,"(0.9, 0.999)",0.01,7,BCEWithLogitsLoss
Liu_07240024,resnet18d,0.4951,0.4951,0,"[224, 224, 2]","[224, 224, 2]","[0.2, 0.2, 0]","[0.9, 1.0]",128,2,0.5,1,"[512, 512, 1]",TRUE,20,1000,0.001,onecyclelr,0.8,adamw,"(0.9, 0.999)",0.01,7,BCEWithLogitsLoss
Liu_07240030,resnet18d,0.4951,0.4951,0,"[224, 224, 2]","[224, 224, 2]","[0.2, 0.2, 0]","[0.9, 1.0]",128,2,0.5,1,"[512, 512, 1]",TRUE,20,1000,0.001,onecyclelr,0.8,adamw,"(0.9, 0.999)",0.01,7,BCEWithLogitsLoss
Liu_07240015,tf_efficientnet_b0_ns,0.4944,0.4944,0,"[384, 384, 2]","[384, 384, 2]","[0.2, 0.2, 0]","[0.9, 1.0]",64,2,0.5,1,"[1280, 512, 1]",TRUE,20,1000,0.001,onecyclelr,0.8,adamw,"(0.9, 0.999)",0.01,7,BCEWithLogitsLoss
Liu_07240019,resnet18d,0.4913,0.4913,0,"[224, 224, 2]","[224, 224, 2]","[0.2, 0.2, 0]","[0.9, 1.0]",128,2,0.5,1,"[512, 512, 1]",TRUE,20,1000,0.001,onecyclelr,0.8,adamw,"(0.9, 0.999)",0.01,7,BCEWithLogitsLoss
Liu_07240024,resnet18d,0.4913,0.4913,0,"[224, 224, 2]","[224, 224, 2]","[0.2, 0.2, 0]","[0.9, 1.0]",128,2,0.5,1,"[512, 512, 1]",TRUE,20,1000,0.001,onecyclelr,0.8,adamw,"(0.9, 0.999)",0.01,7,BCEWithLogitsLoss
Liu_07240030,resnet18d,0.4913,0.4913,0,"[224, 224, 2]","[224, 224, 2]","[0.2, 0.2, 0]","[0.9, 1.0]",128,2,0.5,1,"[512, 512, 1]",TRUE,20,1000,0.001,onecyclelr,0.8,adamw,"(0.9, 0.999)",0.01,7,BCEWithLogitsLoss
Liu_07240019,resnet18d,0.4852,0.4852,0,"[224, 224, 2]","[224, 224, 2]","[0.2, 0.2, 0]","[0.9, 1.0]",128,2,0.5,1,"[512, 512, 1]",TRUE,20,1000,0.001,onecyclelr,0.8,adamw,"(0.9, 0.999)",0.01,7,BCEWithLogitsLoss
Liu_07240024,resnet18d,0.4852,0.4852,0,"[224, 224, 2]","[224, 224, 2]","[0.2, 0.2, 0]","[0.9, 1.0]",128,2,0.5,1,"[512, 512, 1]",TRUE,20,1000,0.001,onecyclelr,0.8,adamw,"(0.9, 0.999)",0.01,7,BCEWithLogitsLoss
Liu_07240030,resnet18d,0.4852,0.4852,0,"[224, 224, 2]","[224, 224, 2]","[0.2, 0.2, 0]","[0.9, 1.0]",128,2,0.5,1,"[512, 512, 1]",TRUE,20,1000,0.001,onecyclelr,0.8,adamw,"(0.9, 0.999)",0.01,7,BCEWithLogitsLoss
Liu_07240015,tf_efficientnet_b0_ns,0.4845,0.4845,0,"[384, 384, 2]","[384, 384, 2]","[0.2, 0.2, 0]","[0.9, 1.0]",64,2,0.5,1,"[1280, 512, 1]",TRUE,20,1000,0.001,onecyclelr,0.8,adamw,"(0.9, 0.999)",0.01,7,BCEWithLogitsLoss
Liu_07240004,resnet18d,0.4844,0.4844,0,"[384, 384, 2]","[384, 384, 2]","[0.2, 0.2, 0]","[0.9, 1.0]",64,2,0.5,1,"[512, 512, 1]",TRUE,20,1000,0.001,onecyclelr,0.8,adamw,"(0.9, 0.999)",0.01,7,BCEWithLogitsLoss
Liu_07240009,resnet18d,0.4844,0.4844,0,"[384, 384, 2]","[384, 384, 2]","[0.2, 0.2, 0]","[0.9, 1.0]",64,2,0.5,1,"[512, 512, 1]",TRUE,20,1000,0.001,onecyclelr,0.8,adamw,"(0.9, 0.999)",0.01,7,BCEWithLogitsLoss
Liu_07240004,resnet18d,0.4813,0.4813,0,"[384, 384, 2]","[384, 384, 2]","[0.2, 0.2, 0]","[0.9, 1.0]",64,2,0.5,1,"[512, 512, 1]",TRUE,20,1000,0.001,onecyclelr,0.8,adamw,"(0.9, 0.999)",0.01,7,BCEWithLogitsLoss
Liu_07240009,resnet18d,0.4813,0.4813,0,"[384, 384, 2]","[384, 384, 2]","[0.2, 0.2, 0]","[0.9, 1.0]",64,2,0.5,1,"[512, 512, 1]",TRUE,20,1000,0.001,onecyclelr,0.8,adamw,"(0.9, 0.999)",0.01,7,BCEWithLogitsLoss
Liu_07240019,resnet18d,0.4793,0.4793,0,"[224, 224, 2]","[224, 224, 2]","[0.2, 0.2, 0]","[0.9, 1.0]",128,2,0.5,1,"[512, 512, 1]",TRUE,20,1000,0.001,onecyclelr,0.8,adamw,"(0.9, 0.999)",0.01,7,BCEWithLogitsLoss
Liu_07240024,resnet18d,0.4793,0.4793,0,"[224, 224, 2]","[224, 224, 2]","[0.2, 0.2, 0]","[0.9, 1.0]",128,2,0.5,1,"[512, 512, 1]",TRUE,20,1000,0.001,onecyclelr,0.8,adamw,"(0.9, 0.999)",0.01,7,BCEWithLogitsLoss
Liu_07240030,resnet18d,0.4793,0.4793,0,"[224, 224, 2]","[224, 224, 2]","[0.2, 0.2, 0]","[0.9, 1.0]",128,2,0.5,1,"[512, 512, 1]",TRUE,20,1000,0.001,onecyclelr,0.8,adamw,"(0.9, 0.999)",0.01,7,BCEWithLogitsLoss
Liu_07232346,swin_base_patch4_window12_384,0.4714,0.4714,0,"[384, 384, 2]","[384, 384, 2]","[0.2, 0.2, 0]","[0.9, 1.0]",64,2,0.5,1,"[1024, 512, 1]",TRUE,20,1000,0.001,onecyclelr,0.8,adamw,"(0.9, 0.999)",0.01,7,BCEWithLogitsLoss
Liu_07240001,swin_base_patch4_window12_384,0.4714,0.4714,0,"[384, 384, 2]","[384, 384, 2]","[0.2, 0.2, 0]","[0.9, 1.0]",64,2,0.5,1,"[1024, 512, 1]",TRUE,20,1000,0.001,onecyclelr,0.8,adamw,"(0.9, 0.999)",0.01,7,BCEWithLogitsLoss
Liu_07240015,tf_efficientnet_b0_ns,0.4646,0.4646,0,"[384, 384, 2]","[384, 384, 2]","[0.2, 0.2, 0]","[0.9, 1.0]",64,2,0.5,1,"[1280, 512, 1]",TRUE,20,1000,0.001,onecyclelr,0.8,adamw,"(0.9, 0.999)",0.01,7,BCEWithLogitsLoss
Liu_07240004,resnet18d,0.4534,0.4534,0,"[384, 384, 2]","[384, 384, 2]","[0.2, 0.2, 0]","[0.9, 1.0]",64,2,0.5,1,"[512, 512, 1]",TRUE,20,1000,0.001,onecyclelr,0.8,adamw,"(0.9, 0.999)",0.01,7,BCEWithLogitsLoss
Liu_07240009,resnet18d,0.4534,0.4534,0,"[384, 384, 2]","[384, 384, 2]","[0.2, 0.2, 0]","[0.9, 1.0]",64,2,0.5,1,"[512, 512, 1]",TRUE,20,1000,0.001,onecyclelr,0.8,adamw,"(0.9, 0.999)",0.01,7,BCEWithLogitsLoss
Liu_07240015,tf_efficientnet_b0_ns,0.4527,0.4527,0,"[384, 384, 2]","[384, 384, 2]","[0.2, 0.2, 0]","[0.9, 1.0]",64,2,0.5,1,"[1280, 512, 1]",TRUE,20,1000,0.001,onecyclelr,0.8,adamw,"(0.9, 0.999)",0.01,7,BCEWithLogitsLoss
Liu_07240004,resnet18d,0.4412,0.4412,0,"[384, 384, 2]","[384, 384, 2]","[0.2, 0.2, 0]","[0.9, 1.0]",64,2,0.5,1,"[512, 512, 1]",TRUE,20,1000,0.001,onecyclelr,0.8,adamw,"(0.9, 0.999)",0.01,7,BCEWithLogitsLoss
Liu_07240009,resnet18d,0.4412,0.4412,0,"[384, 384, 2]","[384, 384, 2]","[0.2, 0.2, 0]","[0.9, 1.0]",64,2,0.5,1,"[512, 512, 1]",TRUE,20,1000,0.001,onecyclelr,0.8,adamw,"(0.9, 0.999)",0.01,7,BCEWithLogitsLoss
